Suite/Test/Step Name,Browser,Description,Tag,Start time,End time,Duration,Status
Census,Chrome 132.0.0.0,,,17-02-2025 09:56:16,17-02-2025 10:10:16,13m - 59.985s,FAILED
,,,,,,,
Test Cases/Specific Cases/LS/General/Census/Census/Census_Location_Filter,Chrome 132.0.0.0,,Census,17-02-2025 09:56:17,17-02-2025 09:57:40,1m - 22.989s,PASSED
"callTestCase(findTestCase(""Common Cases/Login""), [:], STOP_ON_FAILURE)",Chrome 132.0.0.0,,,17-02-2025 09:56:19,17-02-2025 09:56:47,28.306s,PASSED
"click(findTestObject(""Object Repository/Specific Cases Repository/LS/Home/Census/Census_Filters/Page_Home/Page_Home/a_Census""))",Chrome 132.0.0.0,,,17-02-2025 09:56:47,17-02-2025 09:56:53,5.787s,PASSED
"click(findTestObject(""Object Repository/Specific Cases Repository/LS/Home/Census/Census_Filters/Page_Home/Program_Filter/Page_Home/ul_All""))",Chrome 132.0.0.0,,,17-02-2025 09:56:53,17-02-2025 09:56:58,4.705s,PASSED
"setText(findTestObject(""Object Repository/Specific Cases Repository/LS/Home/Census/Census_Filters/Page_Home/Program_Filter/Page_Home/input__select2-search__field""), ""all"")",Chrome 132.0.0.0,,,17-02-2025 09:56:58,17-02-2025 09:57:00,1.779s,PASSED
"sendKeys(findTestObject(""Object Repository/Specific Cases Repository/LS/Home/Census/Census_Filters/Page_Home/Program_Filter/Page_Home/input__select2-search__field""), Keys.chord(ENTER))",Chrome 132.0.0.0,,,17-02-2025 09:57:00,17-02-2025 09:57:01,1.797s,PASSED
"click(findTestObject(""Object Repository/Specific Cases Repository/LS/Home/Census/Census_Filters/Page_Home/Page_Home/ul_All""))",Chrome 132.0.0.0,,,17-02-2025 09:57:01,17-02-2025 09:57:02,0.883s,PASSED
"setText(findTestObject(""Object Repository/Specific Cases Repository/LS/Home/Census/Census_Filters/Page_Home/Page_Home/Location Filter""), ""all"")",Chrome 132.0.0.0,,,17-02-2025 09:57:02,17-02-2025 09:57:04,1.311s,PASSED
"sendKeys(findTestObject(""Object Repository/Specific Cases Repository/LS/Home/Census/Census_Filters/Page_Home/Page_Home/Location Filter""), Keys.chord(ENTER))",Chrome 132.0.0.0,,,17-02-2025 09:57:04,17-02-2025 09:57:04,0.554s,PASSED
"verifyElementText(findTestObject(""Object Repository/Specific Cases Repository/LS/Home/Census/Census_Filters/Page_Home/Page_Home/td_Cat Treatment Center""), ""Cat Treatment Center"")",Chrome 132.0.0.0,,,17-02-2025 09:57:04,17-02-2025 09:57:05,0.540s,PASSED
"verifyElementText(findTestObject(""Object Repository/Specific Cases Repository/LS/Home/Census/Census_Filters/Page_Home/Page_Home/td_Dog Treatment Center""), ""Dog Treatment Center"")",Chrome 132.0.0.0,,,17-02-2025 09:57:05,17-02-2025 09:57:05,0.346s,PASSED
"verifyElementText(findTestObject(""Object Repository/Specific Cases Repository/LS/Home/Census/Census_Filters/Page_Home/Page_Home/td_Satellite Office""), ""Satellite Office"")",Chrome 132.0.0.0,,,17-02-2025 09:57:05,17-02-2025 09:57:05,0.361s,PASSED
"click(findTestObject(""Object Repository/Specific Cases Repository/LS/Home/Census/Census_Filters/Page_Home/Page_Home/ul_All""))",Chrome 132.0.0.0,,,17-02-2025 09:57:05,17-02-2025 09:57:06,0.819s,PASSED
"setText(findTestObject(""Object Repository/Specific Cases Repository/LS/Home/Census/Census_Filters/Page_Home/Page_Home/Location Filter""), ""cat"")",Chrome 132.0.0.0,,,17-02-2025 09:57:06,17-02-2025 09:57:07,1.179s,PASSED
"sendKeys(findTestObject(""Object Repository/Specific Cases Repository/LS/Home/Census/Census_Filters/Page_Home/Page_Home/Location Filter""), Keys.chord(ENTER))",Chrome 132.0.0.0,,,17-02-2025 09:57:07,17-02-2025 09:57:08,0.764s,PASSED
"verifyElementText(findTestObject(""Object Repository/Specific Cases Repository/LS/Home/Census/Census_Filters/Page_Home/Page_Home/td_Cat Treatment Center""), ""Cat Treatment Center"")",Chrome 132.0.0.0,,,17-02-2025 09:57:08,17-02-2025 09:57:12,3.350s,PASSED
"verifyElementNotPresent(findTestObject(""Object Repository/Specific Cases Repository/LS/Home/Census/Census_Filters/Page_Home/Page_Home/td_Dog Treatment Center""), 0)",Chrome 132.0.0.0,,,17-02-2025 09:57:12,17-02-2025 09:57:13,1.395s,PASSED
"verifyElementNotPresent(findTestObject(""Object Repository/Specific Cases Repository/LS/Home/Census/Census_Filters/Page_Home/Page_Home/td_Satellite Office""), 0)",Chrome 132.0.0.0,,,17-02-2025 09:57:13,17-02-2025 09:57:13,0.339s,PASSED
"click(findTestObject(""Object Repository/Specific Cases Repository/LS/Home/Census/Census_Filters/Page_Home/Page_Home/ul_Cat Treatment Center""))",Chrome 132.0.0.0,,,17-02-2025 09:57:13,17-02-2025 09:57:14,0.744s,PASSED
"setText(findTestObject(""Object Repository/Specific Cases Repository/LS/Home/Census/Census_Filters/Page_Home/Page_Home/Location Filter""), ""dog"")",Chrome 132.0.0.0,,,17-02-2025 09:57:14,17-02-2025 09:57:15,1.226s,PASSED
"sendKeys(findTestObject(""Object Repository/Specific Cases Repository/LS/Home/Census/Census_Filters/Page_Home/Page_Home/Location Filter""), Keys.chord(ENTER))",Chrome 132.0.0.0,,,17-02-2025 09:57:15,17-02-2025 09:57:16,0.789s,PASSED
"verifyElementPresent(findTestObject(""Object Repository/Specific Cases Repository/LS/Home/Census/Census_Filters/Page_Home/Page_Home/td_Cat Treatment Center""), 0)",Chrome 132.0.0.0,,,17-02-2025 09:57:16,17-02-2025 09:57:20,3.629s,PASSED
"verifyElementNotPresent(findTestObject(""Object Repository/Specific Cases Repository/LS/Home/Census/Census_Filters/Page_Home/Page_Home/td_Satellite Office""), 0)",Chrome 132.0.0.0,,,17-02-2025 09:57:20,17-02-2025 09:57:20,0.377s,PASSED
"click(findTestObject(""Object Repository/Specific Cases Repository/LS/Home/Census/Census_Filters/Page_Home/Page_Home/span_""))",Chrome 132.0.0.0,,,17-02-2025 09:57:20,17-02-2025 09:57:21,0.633s,PASSED
"click(findTestObject(""Object Repository/Specific Cases Repository/LS/Home/Census/Census_Filters/Page_Home/Page_Home/ul_Dog Treatment Center""))",Chrome 132.0.0.0,,,17-02-2025 09:57:21,17-02-2025 09:57:23,2.134s,PASSED
"setText(findTestObject(""Object Repository/Specific Cases Repository/LS/Home/Census/Census_Filters/Page_Home/Page_Home/Location Filter""), ""satellite"")",Chrome 132.0.0.0,,,17-02-2025 09:57:23,17-02-2025 09:57:24,0.904s,PASSED
"sendKeys(findTestObject(""Object Repository/Specific Cases Repository/LS/Home/Census/Census_Filters/Page_Home/Page_Home/Location Filter""), Keys.chord(ENTER))",Chrome 132.0.0.0,,,17-02-2025 09:57:24,17-02-2025 09:57:24,0.552s,PASSED
"verifyElementPresent(findTestObject(""Object Repository/Specific Cases Repository/LS/Home/Census/Census_Filters/Page_Home/Page_Home/td_Dog Treatment Center""), 0)",Chrome 132.0.0.0,,,17-02-2025 09:57:24,17-02-2025 09:57:27,2.235s,PASSED
"click(findTestObject(""Object Repository/Specific Cases Repository/LS/Home/Census/Census_Filters/Page_Home/Page_Home/span_""))",Chrome 132.0.0.0,,,17-02-2025 09:57:27,17-02-2025 09:57:27,0.504s,PASSED
"click(findTestObject(""Object Repository/Specific Cases Repository/LS/Home/Census/Census_Filters/Page_Home/Page_Home/ul_All""))",Chrome 132.0.0.0,,,17-02-2025 09:57:27,17-02-2025 09:57:30,2.671s,PASSED
"setText(findTestObject(""Specific Cases Repository/LS/Home/Census/Census_Filters/Page_Home/Page_Home/Location Filter""), ""all"")",Chrome 132.0.0.0,,,17-02-2025 09:57:30,17-02-2025 09:57:31,1.341s,PASSED
"sendKeys(findTestObject(""Object Repository/Specific Cases Repository/LS/Home/Census/Census_Filters/Page_Home/Page_Home/Location Filter""), Keys.chord(ENTER))",Chrome 132.0.0.0,,,17-02-2025 09:57:31,17-02-2025 09:57:32,0.743s,PASSED
"click(findTestObject(""Specific Cases Repository/LS/Home/Census/Census_Filters/Page_Home/Program Filter""))",Chrome 132.0.0.0,,,17-02-2025 09:57:32,17-02-2025 09:57:35,3.094s,PASSED
"setText(findTestObject(""Specific Cases Repository/LS/Home/Census/Census_Filters/Page_Home/Program Filter""), ""all"")",Chrome 132.0.0.0,,,17-02-2025 09:57:35,17-02-2025 09:57:36,1.562s,PASSED
"sendKeys(findTestObject(""Specific Cases Repository/LS/Home/Census/Census_Filters/Page_Home/Program Filter""), Keys.chord(ENTER))",Chrome 132.0.0.0,,,17-02-2025 09:57:36,17-02-2025 09:57:37,0.763s,PASSED
closeBrowser(),Chrome 132.0.0.0,,,17-02-2025 09:57:37,17-02-2025 09:57:40,2.671s,PASSED
,,,,,,,
Test Cases/Specific Cases/LS/General/Census/Census/Census_Program_Filter,Chrome 132.0.0.0,,Census,17-02-2025 09:57:40,17-02-2025 09:58:26,46.192s,PASSED
"callTestCase(findTestCase(""Common Cases/Login""), [:], STOP_ON_FAILURE)",Chrome 132.0.0.0,,,17-02-2025 09:57:41,17-02-2025 09:58:01,20.349s,PASSED
"click(findTestObject(""Object Repository/Specific Cases Repository/LS/Home/Census/Census_Filters/Page_Home/Page_Home/a_Census""))",Chrome 132.0.0.0,,,17-02-2025 09:58:01,17-02-2025 09:58:02,1.075s,PASSED
"click(findTestObject(""Object Repository/Specific Cases Repository/LS/Home/Census/Census_Filters/Page_Home/Program_Filter/Page_Home/ul_All""))",Chrome 132.0.0.0,,,17-02-2025 09:58:02,17-02-2025 09:58:04,1.932s,PASSED
"setText(findTestObject(""Object Repository/Specific Cases Repository/LS/Home/Census/Census_Filters/Page_Home/Program_Filter/Page_Home/input__select2-search__field""), ""all"")",Chrome 132.0.0.0,,,17-02-2025 09:58:04,17-02-2025 09:58:05,0.919s,PASSED
"sendKeys(findTestObject(""Object Repository/Specific Cases Repository/LS/Home/Census/Census_Filters/Page_Home/Program_Filter/Page_Home/input__select2-search__field""), Keys.chord(ENTER))",Chrome 132.0.0.0,,,17-02-2025 09:58:05,17-02-2025 09:58:06,0.572s,PASSED
"click(findTestObject(""Object Repository/Specific Cases Repository/LS/Home/Census/Census_Filters/Page_Home/Page_Home/ul_All""))",Chrome 132.0.0.0,,,17-02-2025 09:58:06,17-02-2025 09:58:06,0.423s,PASSED
"setText(findTestObject(""Object Repository/Specific Cases Repository/LS/Home/Census/Census_Filters/Page_Home/Page_Home/Location Filter""), ""all"")",Chrome 132.0.0.0,,,17-02-2025 09:58:06,17-02-2025 09:58:07,0.890s,PASSED
"sendKeys(findTestObject(""Object Repository/Specific Cases Repository/LS/Home/Census/Census_Filters/Page_Home/Page_Home/Location Filter""), Keys.chord(ENTER))",Chrome 132.0.0.0,,,17-02-2025 09:58:07,17-02-2025 09:58:07,0.572s,PASSED
"verifyElementPresent(findTestObject(""Object Repository/Specific Cases Repository/LS/Home/Census/Census_Filters/Page_Home/Program_Filter/Page_Home/td_Detoxification""), 0)",Chrome 132.0.0.0,,,17-02-2025 09:58:07,17-02-2025 09:58:08,0.281s,PASSED
"verifyElementPresent(findTestObject(""Object Repository/Specific Cases Repository/LS/Home/Census/Census_Filters/Page_Home/Program_Filter/Page_Home/td_Outpatient""), 0)",Chrome 132.0.0.0,,,17-02-2025 09:58:08,17-02-2025 09:58:08,0.315s,PASSED
"click(findTestObject(""Object Repository/Specific Cases Repository/LS/Home/Census/Census_Filters/Page_Home/Program_Filter/Page_Home/ul_All""))",Chrome 132.0.0.0,,,17-02-2025 09:58:08,17-02-2025 09:58:09,0.505s,PASSED
"setText(findTestObject(""Object Repository/Specific Cases Repository/LS/Home/Census/Census_Filters/Page_Home/Program_Filter/Page_Home/input__select2-search__field""), ""detox"")",Chrome 132.0.0.0,,,17-02-2025 09:58:09,17-02-2025 09:58:09,0.787s,PASSED
"sendKeys(findTestObject(""Object Repository/Specific Cases Repository/LS/Home/Census/Census_Filters/Page_Home/Program_Filter/Page_Home/input__select2-search__field""), Keys.chord(ENTER))",Chrome 132.0.0.0,,,17-02-2025 09:58:09,17-02-2025 09:58:10,0.556s,PASSED
"verifyElementPresent(findTestObject(""Object Repository/Specific Cases Repository/LS/Home/Census/Census_Filters/Page_Home/Program_Filter/Page_Home/td_Detoxification""), 0)",Chrome 132.0.0.0,,,17-02-2025 09:58:10,17-02-2025 09:58:12,1.645s,PASSED
"verifyElementNotPresent(findTestObject(""Object Repository/Specific Cases Repository/LS/Home/Census/Census_Filters/Page_Home/Program_Filter/Page_Home/td_Outpatient""), 0)",Chrome 132.0.0.0,,,17-02-2025 09:58:12,17-02-2025 09:58:12,0.274s,PASSED
"click(findTestObject(""Object Repository/Specific Cases Repository/LS/Home/Census/Census_Filters/Page_Home/Program_Filter/Page_Home/ul_Detoxification""))",Chrome 132.0.0.0,,,17-02-2025 09:58:12,17-02-2025 09:58:12,0.369s,PASSED
"setText(findTestObject(""Object Repository/Specific Cases Repository/LS/Home/Census/Census_Filters/Page_Home/Program_Filter/Page_Home/input__select2-search__field""), ""outpatient"")",Chrome 132.0.0.0,,,17-02-2025 09:58:12,17-02-2025 09:58:13,0.650s,PASSED
"sendKeys(findTestObject(""Object Repository/Specific Cases Repository/LS/Home/Census/Census_Filters/Page_Home/Program_Filter/Page_Home/input__select2-search__field""), Keys.chord(ENTER))",Chrome 132.0.0.0,,,17-02-2025 09:58:13,17-02-2025 09:58:13,0.517s,PASSED
"click(findTestObject(""Object Repository/Specific Cases Repository/LS/Home/Census/Census_Filters/Page_Home/Program_Filter/Page_Home/span_""))",Chrome 132.0.0.0,,,17-02-2025 09:58:13,17-02-2025 09:58:16,2.115s,PASSED
"verifyElementPresent(findTestObject(""Object Repository/Specific Cases Repository/LS/Home/Census/Census_Filters/Page_Home/Program_Filter/Page_Home/td_Outpatient""), 0)",Chrome 132.0.0.0,,,17-02-2025 09:58:16,17-02-2025 09:58:17,1.875s,PASSED
"verifyElementNotPresent(findTestObject(""Object Repository/Specific Cases Repository/LS/Home/Census/Census_Filters/Page_Home/Program_Filter/Page_Home/td_Detoxification""), 0)",Chrome 132.0.0.0,,,17-02-2025 09:58:17,17-02-2025 09:58:18,0.583s,PASSED
"click(findTestObject(""Object Repository/Specific Cases Repository/LS/Home/Census/Census_Filters/Page_Home/Program_Filter/Page_Home/span_""))",Chrome 132.0.0.0,,,17-02-2025 09:58:18,17-02-2025 09:58:19,0.842s,PASSED
"click(findTestObject(""Object Repository/Specific Cases Repository/LS/Home/Census/Census_Filters/Page_Home/Program_Filter/Page_Home/ul_All""))",Chrome 132.0.0.0,,,17-02-2025 09:58:19,17-02-2025 09:58:21,1.723s,PASSED
"setText(findTestObject(""Object Repository/Specific Cases Repository/LS/Home/Census/Census_Filters/Page_Home/Program_Filter/Page_Home/input__select2-search__field""), ""all"")",Chrome 132.0.0.0,,,17-02-2025 09:58:21,17-02-2025 09:58:21,0.771s,PASSED
"sendKeys(findTestObject(""Object Repository/Specific Cases Repository/LS/Home/Census/Census_Filters/Page_Home/Program_Filter/Page_Home/input__select2-search__field""), Keys.chord(ENTER))",Chrome 132.0.0.0,,,17-02-2025 09:58:21,17-02-2025 09:58:22,0.616s,PASSED
waitForPageLoad(30),Chrome 132.0.0.0,,,17-02-2025 09:58:22,17-02-2025 09:58:22,0.136s,PASSED
"click(findTestObject(""Object Repository/Specific Cases Repository/LS/Home/Census/Census_Filters/Page_Home/Program_Filter/Page_Home/ul_All""))",Chrome 132.0.0.0,,,17-02-2025 09:58:22,17-02-2025 09:58:24,1.570s,PASSED
"setText(findTestObject(""Object Repository/Specific Cases Repository/LS/Home/Census/Census_Filters/Page_Home/Program_Filter/Page_Home/input__select2-search__field""), ""all"")",Chrome 132.0.0.0,,,17-02-2025 09:58:24,17-02-2025 09:58:25,1.344s,PASSED
"sendKeys(findTestObject(""Object Repository/Specific Cases Repository/LS/Home/Census/Census_Filters/Page_Home/Program_Filter/Page_Home/input__select2-search__field""), Keys.chord(ENTER))",Chrome 132.0.0.0,,,17-02-2025 09:58:25,17-02-2025 09:58:25,0.515s,PASSED
closeBrowser(),Chrome 132.0.0.0,,,17-02-2025 09:58:25,17-02-2025 09:58:26,0.597s,PASSED
,,,,,,,
Test Cases/Specific Cases/LS/General/Census/Census/Census_Sorting,Chrome 132.0.0.0,,,17-02-2025 09:58:26,17-02-2025 10:00:03,1m - 37.166s,PASSED
"callTestCase(findTestCase(""Common Cases/Login""), [:], STOP_ON_FAILURE)",Chrome 132.0.0.0,,,17-02-2025 09:58:27,17-02-2025 09:58:42,15.596s,PASSED
"click(findTestObject(""Object Repository/Specific Cases Repository/LS/Home/Census/Census Sorting/Page_Home/a_Census""))",Chrome 132.0.0.0,,,17-02-2025 09:58:42,17-02-2025 09:58:46,3.589s,PASSED
"click(findTestObject(""Object Repository/Specific Cases Repository/LS/Home/Census/Census Sorting/Page_Home/th_Client""))",Chrome 132.0.0.0,,,17-02-2025 09:58:46,17-02-2025 09:58:49,3.305s,PASSED
"click(findTestObject(""Object Repository/Specific Cases Repository/LS/Home/Census/Census Sorting/Page_Home/th_Client""))",Chrome 132.0.0.0,,,17-02-2025 09:58:49,17-02-2025 09:58:51,1.588s,PASSED
"click(findTestObject(""Object Repository/Specific Cases Repository/LS/Home/Census/Census Sorting/Page_Home/th_Client""))",Chrome 132.0.0.0,,,17-02-2025 09:58:51,17-02-2025 09:58:52,1.781s,PASSED
"click(findTestObject(""Object Repository/Specific Cases Repository/LS/Home/Census/Census Sorting/Page_Home/th_MRN""))",Chrome 132.0.0.0,,,17-02-2025 09:58:52,17-02-2025 09:58:55,2.184s,PASSED
"click(findTestObject(""Object Repository/Specific Cases Repository/LS/Home/Census/Census Sorting/Page_Home/th_MRN""))",Chrome 132.0.0.0,,,17-02-2025 09:58:55,17-02-2025 09:58:56,1.681s,PASSED
"click(findTestObject(""Object Repository/Specific Cases Repository/LS/Home/Census/Census Sorting/Page_Home/th_MRN""))",Chrome 132.0.0.0,,,17-02-2025 09:58:56,17-02-2025 09:58:58,1.886s,PASSED
"click(findTestObject(""Object Repository/Specific Cases Repository/LS/Home/Census/Census Sorting/Page_Home/th_DOB""))",Chrome 132.0.0.0,,,17-02-2025 09:58:58,17-02-2025 09:59:00,2.036s,PASSED
"click(findTestObject(""Object Repository/Specific Cases Repository/LS/Home/Census/Census Sorting/Page_Home/th_DOB""))",Chrome 132.0.0.0,,,17-02-2025 09:59:00,17-02-2025 09:59:02,1.921s,PASSED
"click(findTestObject(""Object Repository/Specific Cases Repository/LS/Home/Census/Census Sorting/Page_Home/th_DOB""))",Chrome 132.0.0.0,,,17-02-2025 09:59:02,17-02-2025 09:59:05,2.444s,PASSED
"click(findTestObject(""Object Repository/Specific Cases Repository/LS/Home/Census/Census Sorting/Page_Home/th_Admission""))",Chrome 132.0.0.0,,,17-02-2025 09:59:05,17-02-2025 09:59:07,2.413s,PASSED
"click(findTestObject(""Object Repository/Specific Cases Repository/LS/Home/Census/Census Sorting/Page_Home/th_Admission""))",Chrome 132.0.0.0,,,17-02-2025 09:59:07,17-02-2025 09:59:09,2.073s,PASSED
"click(findTestObject(""Object Repository/Specific Cases Repository/LS/Home/Census/Census Sorting/Page_Home/th_Admission""))",Chrome 132.0.0.0,,,17-02-2025 09:59:09,17-02-2025 09:59:11,1.950s,PASSED
"click(findTestObject(""Object Repository/Specific Cases Repository/LS/Home/Census/Census Sorting/Page_Home/th_Program Admission""))",Chrome 132.0.0.0,,,17-02-2025 09:59:11,17-02-2025 09:59:13,1.869s,PASSED
"click(findTestObject(""Object Repository/Specific Cases Repository/LS/Home/Census/Census Sorting/Page_Home/th_Program Admission""))",Chrome 132.0.0.0,,,17-02-2025 09:59:13,17-02-2025 09:59:15,2.108s,PASSED
"click(findTestObject(""Object Repository/Specific Cases Repository/LS/Home/Census/Census Sorting/Page_Home/th_Program Admission""))",Chrome 132.0.0.0,,,17-02-2025 09:59:15,17-02-2025 09:59:17,2.037s,PASSED
"click(findTestObject(""Object Repository/Specific Cases Repository/LS/Home/Census/Census Sorting/Page_Home/th_Program""))",Chrome 132.0.0.0,,,17-02-2025 09:59:17,17-02-2025 09:59:19,1.898s,PASSED
"click(findTestObject(""Object Repository/Specific Cases Repository/LS/Home/Census/Census Sorting/Page_Home/th_Program""))",Chrome 132.0.0.0,,,17-02-2025 09:59:19,17-02-2025 09:59:21,1.775s,PASSED
"click(findTestObject(""Object Repository/Specific Cases Repository/LS/Home/Census/Census Sorting/Page_Home/th_Program""))",Chrome 132.0.0.0,,,17-02-2025 09:59:21,17-02-2025 09:59:22,1.745s,PASSED
"click(findTestObject(""Object Repository/Specific Cases Repository/LS/Home/Census/Census Sorting/Page_Home/th_Location""))",Chrome 132.0.0.0,,,17-02-2025 09:59:22,17-02-2025 09:59:24,1.864s,PASSED
"click(findTestObject(""Object Repository/Specific Cases Repository/LS/Home/Census/Census Sorting/Page_Home/th_Location""))",Chrome 132.0.0.0,,,17-02-2025 09:59:24,17-02-2025 09:59:26,1.763s,PASSED
"click(findTestObject(""Object Repository/Specific Cases Repository/LS/Home/Census/Census Sorting/Page_Home/th_Location""))",Chrome 132.0.0.0,,,17-02-2025 09:59:26,17-02-2025 09:59:28,1.852s,PASSED
"click(findTestObject(""Object Repository/Specific Cases Repository/LS/Home/Census/Census Sorting/Page_Home/th_Primary Counselor""))",Chrome 132.0.0.0,,,17-02-2025 09:59:28,17-02-2025 09:59:30,1.825s,PASSED
"click(findTestObject(""Object Repository/Specific Cases Repository/LS/Home/Census/Census Sorting/Page_Home/th_Primary Counselor""))",Chrome 132.0.0.0,,,17-02-2025 09:59:30,17-02-2025 09:59:31,1.713s,PASSED
"click(findTestObject(""Object Repository/Specific Cases Repository/LS/Home/Census/Census Sorting/Page_Home/th_Primary Counselor""))",Chrome 132.0.0.0,,,17-02-2025 09:59:31,17-02-2025 09:59:33,1.688s,PASSED
"click(findTestObject(""Object Repository/Specific Cases Repository/LS/Home/Census/Census Sorting/Page_Home/th_Unit - Room - Bed""))",Chrome 132.0.0.0,,,17-02-2025 09:59:33,17-02-2025 09:59:35,1.815s,PASSED
"click(findTestObject(""Object Repository/Specific Cases Repository/LS/Home/Census/Census Sorting/Page_Home/th_Unit - Room - Bed""))",Chrome 132.0.0.0,,,17-02-2025 09:59:35,17-02-2025 09:59:37,1.664s,PASSED
"click(findTestObject(""Object Repository/Specific Cases Repository/LS/Home/Census/Census Sorting/Page_Home/th_Unit - Room - Bed""))",Chrome 132.0.0.0,,,17-02-2025 09:59:37,17-02-2025 09:59:38,1.751s,PASSED
"click(findTestObject(""Object Repository/Specific Cases Repository/LS/Home/Census/Census Sorting/Page_Home/th_Authorized To""))",Chrome 132.0.0.0,,,17-02-2025 09:59:38,17-02-2025 09:59:40,1.621s,PASSED
"click(findTestObject(""Object Repository/Specific Cases Repository/LS/Home/Census/Census Sorting/Page_Home/th_Authorized To""))",Chrome 132.0.0.0,,,17-02-2025 09:59:40,17-02-2025 09:59:42,1.773s,PASSED
"click(findTestObject(""Object Repository/Specific Cases Repository/LS/Home/Census/Census Sorting/Page_Home/th_Authorized To""))",Chrome 132.0.0.0,,,17-02-2025 09:59:42,17-02-2025 09:59:44,2.067s,PASSED
"click(findTestObject(""Object Repository/Specific Cases Repository/LS/Home/Census/Census Sorting/Page_Home/th_Referral Source""))",Chrome 132.0.0.0,,,17-02-2025 09:59:44,17-02-2025 09:59:46,1.702s,PASSED
"click(findTestObject(""Object Repository/Specific Cases Repository/LS/Home/Census/Census Sorting/Page_Home/th_Referral Source""))",Chrome 132.0.0.0,,,17-02-2025 09:59:46,17-02-2025 09:59:47,1.577s,PASSED
"click(findTestObject(""Object Repository/Specific Cases Repository/LS/Home/Census/Census Sorting/Page_Home/th_Referral Source""))",Chrome 132.0.0.0,,,17-02-2025 09:59:47,17-02-2025 09:59:49,1.892s,PASSED
"click(findTestObject(""Object Repository/Specific Cases Repository/LS/Home/Census/Census Sorting/Page_Home/th_Proj Discharge""))",Chrome 132.0.0.0,,,17-02-2025 09:59:49,17-02-2025 09:59:53,3.544s,PASSED
"click(findTestObject(""Object Repository/Specific Cases Repository/LS/Home/Census/Census Sorting/Page_Home/th_Proj Discharge""))",Chrome 132.0.0.0,,,17-02-2025 09:59:53,17-02-2025 09:59:55,2.122s,PASSED
"click(findTestObject(""Object Repository/Specific Cases Repository/LS/Home/Census/Census Sorting/Page_Home/th_Proj Discharge""))",Chrome 132.0.0.0,,,17-02-2025 09:59:55,17-02-2025 09:59:56,1.591s,PASSED
"click(findTestObject(""Object Repository/Specific Cases Repository/LS/Home/Census/Census Sorting/Page_Home/th_Payor""))",Chrome 132.0.0.0,,,17-02-2025 09:59:56,17-02-2025 09:59:58,1.647s,PASSED
"click(findTestObject(""Object Repository/Specific Cases Repository/LS/Home/Census/Census Sorting/Page_Home/th_Payor""))",Chrome 132.0.0.0,,,17-02-2025 09:59:58,17-02-2025 10:00:00,2.101s,PASSED
"click(findTestObject(""Object Repository/Specific Cases Repository/LS/Home/Census/Census Sorting/Page_Home/th_Payor""))",Chrome 132.0.0.0,,,17-02-2025 10:00:00,17-02-2025 10:00:02,1.796s,PASSED
closeBrowser(),Chrome 132.0.0.0,,,17-02-2025 10:00:02,17-02-2025 10:00:03,1.489s,PASSED
,,,,,,,
Test Cases/Specific Cases/LS/General/Census/Census/Census_Searching_and_Toggle_Columns,Chrome 132.0.0.0,,,17-02-2025 10:00:03,17-02-2025 10:01:45,1m - 41.349s,PASSED
"callTestCase(findTestCase(""Common Cases/Login""), [:], STOP_ON_FAILURE)",Chrome 132.0.0.0,,,17-02-2025 10:00:04,17-02-2025 10:00:28,24.120s,PASSED
"click(findTestObject(""Object Repository/Specific Cases Repository/LS/Home/Census/Census_Filters/Page_Home/Page_Home/a_Census""))",Chrome 132.0.0.0,,,17-02-2025 10:00:28,17-02-2025 10:00:32,3.762s,PASSED
"click(findTestObject(""Object Repository/Specific Cases Repository/LS/Home/Census/Census_Filters/Page_Home/Program_Filter/Page_Home/ul_All""))",Chrome 132.0.0.0,,,17-02-2025 10:00:32,17-02-2025 10:00:34,2.209s,PASSED
"setText(findTestObject(""Object Repository/Specific Cases Repository/LS/Home/Census/Census_Filters/Page_Home/Program_Filter/Page_Home/input__select2-search__field""), ""all"")",Chrome 132.0.0.0,,,17-02-2025 10:00:34,17-02-2025 10:00:35,0.966s,PASSED
"sendKeys(findTestObject(""Object Repository/Specific Cases Repository/LS/Home/Census/Census_Filters/Page_Home/Program_Filter/Page_Home/input__select2-search__field""), Keys.chord(ENTER))",Chrome 132.0.0.0,,,17-02-2025 10:00:35,17-02-2025 10:00:36,0.544s,PASSED
"click(findTestObject(""Object Repository/Specific Cases Repository/LS/Home/Census/Census_Filters/Page_Home/Page_Home/ul_All""))",Chrome 132.0.0.0,,,17-02-2025 10:00:36,17-02-2025 10:00:36,0.380s,PASSED
"setText(findTestObject(""Object Repository/Specific Cases Repository/LS/Home/Census/Census_Filters/Page_Home/Page_Home/Location Filter""), ""all"")",Chrome 132.0.0.0,,,17-02-2025 10:00:36,17-02-2025 10:00:37,0.861s,PASSED
"sendKeys(findTestObject(""Object Repository/Specific Cases Repository/LS/Home/Census/Census_Filters/Page_Home/Page_Home/Location Filter""), Keys.chord(ENTER))",Chrome 132.0.0.0,,,17-02-2025 10:00:37,17-02-2025 10:00:38,0.530s,PASSED
"click(findTestObject(""Object Repository/Specific Cases Repository/LS/Home/Census/Census_Searchin_and_Toggle_Columns/Page_Home/a_Census""))",Chrome 132.0.0.0,,,17-02-2025 10:00:38,17-02-2025 10:00:38,0.399s,PASSED
"click(findTestObject(""Object Repository/Specific Cases Repository/LS/Home/Census/Census_Searchin_and_Toggle_Columns/Page_Home/label_Search""))",Chrome 132.0.0.0,,,17-02-2025 10:00:38,17-02-2025 10:00:42,3.577s,PASSED
"setText(findTestObject(""Object Repository/Specific Cases Repository/LS/Home/Census/Census_Searchin_and_Toggle_Columns/Page_Home/input_Search_form-control input-sm""), ""b a"")",Chrome 132.0.0.0,,,17-02-2025 10:00:42,17-02-2025 10:00:42,0.626s,PASSED
"verifyElementText(findTestObject(""Object Repository/Specific Cases Repository/LS/Home/Census/Census_Searchin_and_Toggle_Columns/Page_Home/a_B Automation, B Client""), ""B Automation, B Client"")",Chrome 132.0.0.0,,,17-02-2025 10:00:42,17-02-2025 10:00:42,0.308s,PASSED
"verifyElementNotPresent(findTestObject(""Specific Cases Repository/LS/Home/Census/Census_Searchin_and_Toggle_Columns/Page_Home/A Client""), 0)",Chrome 132.0.0.0,,,17-02-2025 10:00:42,17-02-2025 10:00:44,1.991s,PASSED
"setText(findTestObject(""Object Repository/Specific Cases Repository/LS/Home/Census/Census_Searchin_and_Toggle_Columns/Page_Home/input_Search_form-control input-sm""), """")",Chrome 132.0.0.0,,,17-02-2025 10:00:44,17-02-2025 10:00:45,0.613s,PASSED
"sendKeys(findTestObject(""Specific Cases Repository/LS/Home/Census/Census_Searchin_and_Toggle_Columns/Page_Home/input_Search_form-control input-sm""), Keys.chord(ENTER))",Chrome 132.0.0.0,,,17-02-2025 10:00:45,17-02-2025 10:00:45,0.307s,PASSED
"click(findTestObject(""Object Repository/Specific Cases Repository/LS/Home/Census/Census_Searchin_and_Toggle_Columns/Page_Home/button_Toggle Column(s)""))",Chrome 132.0.0.0,,,17-02-2025 10:00:45,17-02-2025 10:00:46,0.348s,PASSED
"click(findTestObject(""Object Repository/Specific Cases Repository/LS/Home/Census/Census_Searchin_and_Toggle_Columns/Page_Home/a_MRN""))",Chrome 132.0.0.0,,,17-02-2025 10:00:46,17-02-2025 10:00:46,0.549s,PASSED
"click(findTestObject(""Object Repository/Specific Cases Repository/LS/Home/Census/Census_Searchin_and_Toggle_Columns/Page_Home/a_DOB""))",Chrome 132.0.0.0,,,17-02-2025 10:00:46,17-02-2025 10:00:48,1.649s,PASSED
"click(findTestObject(""Object Repository/Specific Cases Repository/LS/Home/Census/Census_Searchin_and_Toggle_Columns/Page_Home/a_Admission""))",Chrome 132.0.0.0,,,17-02-2025 10:00:48,17-02-2025 10:00:49,1.112s,PASSED
"click(findTestObject(""Object Repository/Specific Cases Repository/LS/Home/Census/Census_Searchin_and_Toggle_Columns/Page_Home/a_Program Admission""))",Chrome 132.0.0.0,,,17-02-2025 10:00:49,17-02-2025 10:00:50,0.992s,PASSED
"click(findTestObject(""Object Repository/Specific Cases Repository/LS/Home/Census/Census_Searchin_and_Toggle_Columns/Page_Home/a_Program""))",Chrome 132.0.0.0,,,17-02-2025 10:00:50,17-02-2025 10:00:51,1.007s,PASSED
"click(findTestObject(""Object Repository/Specific Cases Repository/LS/Home/Census/Census_Searchin_and_Toggle_Columns/Page_Home/a_Location""))",Chrome 132.0.0.0,,,17-02-2025 10:00:51,17-02-2025 10:00:52,1.053s,PASSED
"click(findTestObject(""Object Repository/Specific Cases Repository/LS/Home/Census/Census_Searchin_and_Toggle_Columns/Page_Home/a_Primary Counselor""))",Chrome 132.0.0.0,,,17-02-2025 10:00:52,17-02-2025 10:00:54,1.510s,PASSED
"click(findTestObject(""Object Repository/Specific Cases Repository/LS/Home/Census/Census_Searchin_and_Toggle_Columns/Page_Home/a_Unit - Room - Bed""))",Chrome 132.0.0.0,,,17-02-2025 10:00:54,17-02-2025 10:00:55,1.191s,PASSED
"click(findTestObject(""Object Repository/Specific Cases Repository/LS/Home/Census/Census_Searchin_and_Toggle_Columns/Page_Home/a_Authorized To""))",Chrome 132.0.0.0,,,17-02-2025 10:00:55,17-02-2025 10:00:56,1.361s,PASSED
"click(findTestObject(""Object Repository/Specific Cases Repository/LS/Home/Census/Census_Searchin_and_Toggle_Columns/Page_Home/a_Referral Source""))",Chrome 132.0.0.0,,,17-02-2025 10:00:56,17-02-2025 10:00:57,0.932s,PASSED
"click(findTestObject(""Object Repository/Specific Cases Repository/LS/Home/Census/Census_Searchin_and_Toggle_Columns/Page_Home/a_Proj Discharge""))",Chrome 132.0.0.0,,,17-02-2025 10:00:57,17-02-2025 10:00:58,0.923s,PASSED
"click(findTestObject(""Object Repository/Specific Cases Repository/LS/Home/Census/Census_Searchin_and_Toggle_Columns/Page_Home/a_Payor""))",Chrome 132.0.0.0,,,17-02-2025 10:00:58,17-02-2025 10:00:59,0.925s,PASSED
"verifyElementNotPresent(findTestObject(""Object Repository/Specific Cases Repository/LS/Home/Census/Census_Searchin_and_Toggle_Columns/Page_Home/th_MRN""), 0)",Chrome 132.0.0.0,,,17-02-2025 10:00:59,17-02-2025 10:01:00,0.829s,PASSED
"verifyElementNotPresent(findTestObject(""Object Repository/Specific Cases Repository/LS/Home/Census/Census_Searchin_and_Toggle_Columns/Page_Home/th_DOB""), 0)",Chrome 132.0.0.0,,,17-02-2025 10:01:00,17-02-2025 10:01:00,0.377s,PASSED
"verifyElementNotPresent(findTestObject(""Object Repository/Specific Cases Repository/LS/Home/Census/Census_Searchin_and_Toggle_Columns/Page_Home/th_Admission""), 0)",Chrome 132.0.0.0,,,17-02-2025 10:01:00,17-02-2025 10:01:01,0.515s,PASSED
"verifyElementNotPresent(findTestObject(""Object Repository/Specific Cases Repository/LS/Home/Census/Census_Searchin_and_Toggle_Columns/Page_Home/th_Program Admission""), 0)",Chrome 132.0.0.0,,,17-02-2025 10:01:01,17-02-2025 10:01:01,0.312s,PASSED
"verifyElementNotPresent(findTestObject(""Object Repository/Specific Cases Repository/LS/Home/Census/Census_Searchin_and_Toggle_Columns/Page_Home/th_Program""), 0)",Chrome 132.0.0.0,,,17-02-2025 10:01:01,17-02-2025 10:01:01,0.297s,PASSED
"verifyElementNotPresent(findTestObject(""Object Repository/Specific Cases Repository/LS/Home/Census/Census_Searchin_and_Toggle_Columns/Page_Home/th_Location""), 0)",Chrome 132.0.0.0,,,17-02-2025 10:01:01,17-02-2025 10:01:02,0.285s,PASSED
"verifyElementNotPresent(findTestObject(""Object Repository/Specific Cases Repository/LS/Home/Census/Census_Searchin_and_Toggle_Columns/Page_Home/th_Primary Counselor""), 0)",Chrome 132.0.0.0,,,17-02-2025 10:01:02,17-02-2025 10:01:02,0.301s,PASSED
"verifyElementNotPresent(findTestObject(""Object Repository/Specific Cases Repository/LS/Home/Census/Census_Searchin_and_Toggle_Columns/Page_Home/th_Unit - Room - Bed""), 0)",Chrome 132.0.0.0,,,17-02-2025 10:01:02,17-02-2025 10:01:02,0.367s,PASSED
"verifyElementNotPresent(findTestObject(""Object Repository/Specific Cases Repository/LS/Home/Census/Census_Searchin_and_Toggle_Columns/Page_Home/th_Authorized To""), 0)",Chrome 132.0.0.0,,,17-02-2025 10:01:02,17-02-2025 10:01:03,0.313s,PASSED
"verifyElementNotPresent(findTestObject(""Object Repository/Specific Cases Repository/LS/Home/Census/Census_Searchin_and_Toggle_Columns/Page_Home/th_Referral Source""), 0)",Chrome 132.0.0.0,,,17-02-2025 10:01:03,17-02-2025 10:01:03,0.456s,PASSED
"verifyElementNotPresent(findTestObject(""Object Repository/Specific Cases Repository/LS/Home/Census/Census_Searchin_and_Toggle_Columns/Page_Home/th_Proj Discharge""), 0)",Chrome 132.0.0.0,,,17-02-2025 10:01:03,17-02-2025 10:01:04,0.547s,PASSED
"verifyElementNotPresent(findTestObject(""Object Repository/Specific Cases Repository/LS/Home/Census/Census_Searchin_and_Toggle_Columns/Page_Home/th_Payor""), 0)",Chrome 132.0.0.0,,,17-02-2025 10:01:04,17-02-2025 10:01:04,0.389s,PASSED
"click(findTestObject(""Object Repository/Specific Cases Repository/LS/Home/Census/Census_Searchin_and_Toggle_Columns/Page_Home/label_Search""))",Chrome 132.0.0.0,,,17-02-2025 10:01:04,17-02-2025 10:01:07,2.737s,PASSED
"setText(findTestObject(""Object Repository/Specific Cases Repository/LS/Home/Census/Census_Searchin_and_Toggle_Columns/Page_Home/input_Search_form-control input-sm""), ""b"")",Chrome 132.0.0.0,,,17-02-2025 10:01:07,17-02-2025 10:01:09,2.021s,PASSED
"verifyElementText(findTestObject(""Object Repository/Specific Cases Repository/LS/Home/Census/Census_Searchin_and_Toggle_Columns/Page_Home/a_B Automation, B Client""), ""B Automation, B Client"")",Chrome 132.0.0.0,,,17-02-2025 10:01:09,17-02-2025 10:01:09,0.309s,PASSED
"verifyElementNotPresent(findTestObject(""Specific Cases Repository/LS/Home/Census/Census_Searchin_and_Toggle_Columns/Page_Home/A Client""), 0)",Chrome 132.0.0.0,,,17-02-2025 10:01:09,17-02-2025 10:01:11,2.276s,PASSED
"setText(findTestObject(""Object Repository/Specific Cases Repository/LS/Home/Census/Census_Searchin_and_Toggle_Columns/Page_Home/input_Search_form-control input-sm""), """")",Chrome 132.0.0.0,,,17-02-2025 10:01:11,17-02-2025 10:01:13,1.255s,PASSED
"click(findTestObject(""Object Repository/Specific Cases Repository/LS/Home/Census/Census_Searchin_and_Toggle_Columns/Page_Home/button_Toggle Column(s)""))",Chrome 132.0.0.0,,,17-02-2025 10:01:13,17-02-2025 10:01:13,0.455s,PASSED
"click(findTestObject(""Object Repository/Specific Cases Repository/LS/Home/Census/Census_Searchin_and_Toggle_Columns/Page_Home/a_MRN""))",Chrome 132.0.0.0,,,17-02-2025 10:01:13,17-02-2025 10:01:13,0.428s,PASSED
"click(findTestObject(""Object Repository/Specific Cases Repository/LS/Home/Census/Census_Searchin_and_Toggle_Columns/Page_Home/a_DOB""))",Chrome 132.0.0.0,,,17-02-2025 10:01:13,17-02-2025 10:01:15,1.147s,PASSED
"click(findTestObject(""Object Repository/Specific Cases Repository/LS/Home/Census/Census_Searchin_and_Toggle_Columns/Page_Home/a_Admission""))",Chrome 132.0.0.0,,,17-02-2025 10:01:15,17-02-2025 10:01:16,1.297s,PASSED
"click(findTestObject(""Object Repository/Specific Cases Repository/LS/Home/Census/Census_Searchin_and_Toggle_Columns/Page_Home/a_Program Admission""))",Chrome 132.0.0.0,,,17-02-2025 10:01:16,17-02-2025 10:01:18,1.730s,PASSED
"click(findTestObject(""Object Repository/Specific Cases Repository/LS/Home/Census/Census_Searchin_and_Toggle_Columns/Page_Home/a_Program""))",Chrome 132.0.0.0,,,17-02-2025 10:01:18,17-02-2025 10:01:21,3.246s,PASSED
"click(findTestObject(""Object Repository/Specific Cases Repository/LS/Home/Census/Census_Searchin_and_Toggle_Columns/Page_Home/a_Location""))",Chrome 132.0.0.0,,,17-02-2025 10:01:21,17-02-2025 10:01:24,2.965s,PASSED
"click(findTestObject(""Object Repository/Specific Cases Repository/LS/Home/Census/Census_Searchin_and_Toggle_Columns/Page_Home/a_Primary Counselor""))",Chrome 132.0.0.0,,,17-02-2025 10:01:24,17-02-2025 10:01:26,1.882s,PASSED
"click(findTestObject(""Object Repository/Specific Cases Repository/LS/Home/Census/Census_Searchin_and_Toggle_Columns/Page_Home/a_Unit - Room - Bed""))",Chrome 132.0.0.0,,,17-02-2025 10:01:26,17-02-2025 10:01:27,1.455s,PASSED
"click(findTestObject(""Object Repository/Specific Cases Repository/LS/Home/Census/Census_Searchin_and_Toggle_Columns/Page_Home/a_Authorized To""))",Chrome 132.0.0.0,,,17-02-2025 10:01:27,17-02-2025 10:01:28,1.090s,PASSED
"click(findTestObject(""Object Repository/Specific Cases Repository/LS/Home/Census/Census_Searchin_and_Toggle_Columns/Page_Home/a_Referral Source""))",Chrome 132.0.0.0,,,17-02-2025 10:01:28,17-02-2025 10:01:30,1.672s,PASSED
"click(findTestObject(""Object Repository/Specific Cases Repository/LS/Home/Census/Census_Searchin_and_Toggle_Columns/Page_Home/a_Proj Discharge""))",Chrome 132.0.0.0,,,17-02-2025 10:01:30,17-02-2025 10:01:33,3.047s,PASSED
"click(findTestObject(""Object Repository/Specific Cases Repository/LS/Home/Census/Census_Searchin_and_Toggle_Columns/Page_Home/a_Payor""))",Chrome 132.0.0.0,,,17-02-2025 10:01:33,17-02-2025 10:01:35,2.354s,PASSED
"verifyElementPresent(findTestObject(""Object Repository/Specific Cases Repository/LS/Home/Census/Census_Searchin_and_Toggle_Columns/Page_Home/th_MRN""), 0)",Chrome 132.0.0.0,,,17-02-2025 10:01:35,17-02-2025 10:01:37,1.429s,PASSED
"verifyElementPresent(findTestObject(""Object Repository/Specific Cases Repository/LS/Home/Census/Census_Searchin_and_Toggle_Columns/Page_Home/th_DOB""), 0)",Chrome 132.0.0.0,,,17-02-2025 10:01:37,17-02-2025 10:01:38,1.057s,PASSED
"verifyElementPresent(findTestObject(""Object Repository/Specific Cases Repository/LS/Home/Census/Census_Searchin_and_Toggle_Columns/Page_Home/th_Admission""), 0)",Chrome 132.0.0.0,,,17-02-2025 10:01:38,17-02-2025 10:01:39,1.229s,PASSED
"verifyElementPresent(findTestObject(""Object Repository/Specific Cases Repository/LS/Home/Census/Census_Searchin_and_Toggle_Columns/Page_Home/th_Program Admission""), 0)",Chrome 132.0.0.0,,,17-02-2025 10:01:39,17-02-2025 10:01:40,0.793s,PASSED
"verifyElementPresent(findTestObject(""Object Repository/Specific Cases Repository/LS/Home/Census/Census_Searchin_and_Toggle_Columns/Page_Home/th_Program""), 0)",Chrome 132.0.0.0,,,17-02-2025 10:01:40,17-02-2025 10:01:41,0.716s,PASSED
"verifyElementPresent(findTestObject(""Object Repository/Specific Cases Repository/LS/Home/Census/Census_Searchin_and_Toggle_Columns/Page_Home/th_Location""), 0)",Chrome 132.0.0.0,,,17-02-2025 10:01:41,17-02-2025 10:01:41,0.439s,PASSED
"verifyElementPresent(findTestObject(""Object Repository/Specific Cases Repository/LS/Home/Census/Census_Searchin_and_Toggle_Columns/Page_Home/th_Primary Counselor""), 0)",Chrome 132.0.0.0,,,17-02-2025 10:01:41,17-02-2025 10:01:41,0.348s,PASSED
"verifyElementPresent(findTestObject(""Object Repository/Specific Cases Repository/LS/Home/Census/Census_Searchin_and_Toggle_Columns/Page_Home/th_Unit - Room - Bed""), 0)",Chrome 132.0.0.0,,,17-02-2025 10:01:41,17-02-2025 10:01:42,0.464s,PASSED
"verifyElementPresent(findTestObject(""Object Repository/Specific Cases Repository/LS/Home/Census/Census_Searchin_and_Toggle_Columns/Page_Home/th_Authorized To""), 0)",Chrome 132.0.0.0,,,17-02-2025 10:01:42,17-02-2025 10:01:42,0.358s,PASSED
"verifyElementPresent(findTestObject(""Object Repository/Specific Cases Repository/LS/Home/Census/Census_Searchin_and_Toggle_Columns/Page_Home/th_Referral Source""), 0)",Chrome 132.0.0.0,,,17-02-2025 10:01:42,17-02-2025 10:01:42,0.308s,PASSED
"verifyElementPresent(findTestObject(""Object Repository/Specific Cases Repository/LS/Home/Census/Census_Searchin_and_Toggle_Columns/Page_Home/th_Proj Discharge""), 0)",Chrome 132.0.0.0,,,17-02-2025 10:01:42,17-02-2025 10:01:43,0.328s,PASSED
"click(findTestObject(""Object Repository/Specific Cases Repository/LS/Home/Census/Census_Searchin_and_Toggle_Columns/Page_Home/label_Search""))",Chrome 132.0.0.0,,,17-02-2025 10:01:43,17-02-2025 10:01:43,0.395s,PASSED
"setText(findTestObject(""Object Repository/Specific Cases Repository/LS/Home/Census/Census_Searchin_and_Toggle_Columns/Page_Home/input_Search_form-control input-sm""), ""b"")",Chrome 132.0.0.0,,,17-02-2025 10:01:43,17-02-2025 10:01:44,0.695s,PASSED
"verifyElementText(findTestObject(""Object Repository/Specific Cases Repository/LS/Home/Census/Census_Searchin_and_Toggle_Columns/Page_Home/a_B Automation, B Client""), ""B Automation, B Client"")",Chrome 132.0.0.0,,,17-02-2025 10:01:44,17-02-2025 10:01:44,0.281s,PASSED
closeBrowser(),Chrome 132.0.0.0,,,17-02-2025 10:01:44,17-02-2025 10:01:45,0.511s,PASSED
,,,,,,,
Test Cases/Specific Cases/LS/General/Census/Census/Census_forward_back_functions,Chrome 132.0.0.0,,,17-02-2025 10:01:45,17-02-2025 10:03:24,1m - 39.638s,PASSED
"callTestCase(findTestCase(""Common Cases/Login""), [:], STOP_ON_FAILURE)",Chrome 132.0.0.0,,,17-02-2025 10:01:45,17-02-2025 10:02:09,23.747s,PASSED
"click(findTestObject(""Object Repository/Specific Cases Repository/LS/Home/Census/Census_Forward_Back_Functions/Page_Home/a_Census""))",Chrome 132.0.0.0,,,17-02-2025 10:02:09,17-02-2025 10:02:10,1.765s,PASSED
"click(findTestObject(""Object Repository/Specific Cases Repository/LS/Home/Census/Census_Forward_Back_Functions/Page_Home/a_bed                     Bed Board""))",Chrome 132.0.0.0,,,17-02-2025 10:02:10,17-02-2025 10:02:19,8.583s,PASSED
"navigateToUrl(""https://site17.lsapp.cloud/dbkeymetrics/bedboard"")",Chrome 132.0.0.0,,,17-02-2025 10:02:19,17-02-2025 10:02:24,4.489s,PASSED
"click(findTestObject(""Object Repository/Specific Cases Repository/LS/Home/Census/Census_Forward_Back_Functions/Page_Bed Board/span_homepage""))",Chrome 132.0.0.0,,,17-02-2025 10:02:24,17-02-2025 10:02:33,9.184s,PASSED
"click(findTestObject(""Object Repository/Specific Cases Repository/LS/Home/Census/Census_Forward_Back_Functions/Page_Home/span_Advanced Census""))",Chrome 132.0.0.0,,,17-02-2025 10:02:33,17-02-2025 10:02:48,15.151s,PASSED
"click(findTestObject(""Object Repository/Specific Cases Repository/LS/Home/Census/Census_Forward_Back_Functions/Page_Census Advanced/span_homepage""))",Chrome 132.0.0.0,,,17-02-2025 10:02:48,17-02-2025 10:02:58,10.307s,PASSED
"click(findTestObject(""Object Repository/Specific Cases Repository/LS/Home/Census/Census_Forward_Back_Functions/Page_Home/a_co_present                 Client Face sheets""))",Chrome 132.0.0.0,,,17-02-2025 10:02:58,17-02-2025 10:03:09,11.147s,PASSED
"click(findTestObject(""Object Repository/Specific Cases Repository/LS/Home/Census/Census_Forward_Back_Functions/Page_Client Face Sheets/span_homepage""))",Chrome 132.0.0.0,,,17-02-2025 10:03:09,17-02-2025 10:03:18,9.032s,PASSED
closeBrowser(),Chrome 132.0.0.0,,,17-02-2025 10:03:18,17-02-2025 10:03:24,5.915s,PASSED
,,,,,,,
Test Cases/Specific Cases/LS/General/Census/Bed Board/Bed_Board_Filters,Chrome 132.0.0.0,,,17-02-2025 10:03:24,17-02-2025 10:05:19,1m - 54.211s,FAILED
"callTestCase(findTestCase(""Common Cases/Login""), [:], STOP_ON_FAILURE)",Chrome 132.0.0.0,,,17-02-2025 10:03:25,17-02-2025 10:03:45,19.318s,PASSED
"click(findTestObject(""Object Repository/Specific Cases Repository/LS/Home/Census/Bed_Board/Page_Home/a_Census""))",Chrome 132.0.0.0,,,17-02-2025 10:03:45,17-02-2025 10:03:49,4.425s,PASSED
"click(findTestObject(""Object Repository/Specific Cases Repository/LS/Home/Census/Bed_Board/Page_Home/a_bed                     Bed Board""))",Chrome 132.0.0.0,,,17-02-2025 10:03:49,17-02-2025 10:03:59,9.505s,PASSED
"navigateToUrl(""https://site17.lsapp.cloud/dbkeymetrics/bedboard"")",Chrome 132.0.0.0,,,17-02-2025 10:03:59,17-02-2025 10:04:03,4.267s,PASSED
"selectOptionByValue(findTestObject(""Object Repository/Specific Cases Repository/LS/Home/Census/Bed_Board/Page_Bed Board/select_All Gender Identities""), ""0"", true)",Chrome 132.0.0.0,,,17-02-2025 10:04:03,17-02-2025 10:04:04,1.319s,PASSED
"verifyElementText(findTestObject(""Object Repository/Specific Cases Repository/LS/Home/Census/Bed_Board/Page_Bed Board/span_Female""), ""Female"")",Chrome 132.0.0.0,,,17-02-2025 10:04:04,17-02-2025 10:04:05,0.294s,PASSED
"verifyElementText(findTestObject(""Object Repository/Specific Cases Repository/LS/Home/Census/Bed_Board/Page_Bed Board/span_Male""), ""Male"")",Chrome 132.0.0.0,,,17-02-2025 10:04:05,17-02-2025 10:04:05,0.288s,PASSED
"selectOptionByIndex(findTestObject(""Object Repository/Specific Cases Repository/LS/Home/Census/Bed_Board/Page_Bed Board/select_All Gender Identities""), 1, STOP_ON_FAILURE)",Chrome 132.0.0.0,,,17-02-2025 10:04:05,17-02-2025 10:04:13,8.409s,PASSED
"verifyElementText(findTestObject(""Object Repository/Specific Cases Repository/LS/Home/Census/Bed_Board/Page_Bed Board/span_Female""), ""Female"")",Chrome 132.0.0.0,,,17-02-2025 10:04:13,17-02-2025 10:04:14,0.513s,PASSED
"verifyElementNotPresent(findTestObject(""Object Repository/Specific Cases Repository/LS/Home/Census/Bed_Board/Page_Bed Board/span_Male""), 0)",Chrome 132.0.0.0,,,17-02-2025 10:04:14,17-02-2025 10:04:15,0.809s,PASSED
"selectOptionByIndex(findTestObject(""Object Repository/Specific Cases Repository/LS/Home/Census/Bed_Board/Page_Bed Board/select_All Gender Identities""), 2, STOP_ON_FAILURE)",Chrome 132.0.0.0,,,17-02-2025 10:04:15,17-02-2025 10:04:24,9.726s,PASSED
"verifyElementText(findTestObject(""Object Repository/Specific Cases Repository/LS/Home/Census/Bed_Board/Page_Bed Board/span_Male""), ""Male"")",Chrome 132.0.0.0,,,17-02-2025 10:04:24,17-02-2025 10:04:25,0.465s,PASSED
"verifyElementNotPresent(findTestObject(""Object Repository/Specific Cases Repository/LS/Home/Census/Bed_Board/Page_Bed Board/span_Female""), 0)",Chrome 132.0.0.0,,,17-02-2025 10:04:25,17-02-2025 10:04:26,0.937s,PASSED
"selectOptionByIndex(findTestObject(""Object Repository/Specific Cases Repository/LS/Home/Census/Bed_Board/Page_Bed Board/select_All Gender Identities""), 7, STOP_ON_FAILURE)",Chrome 132.0.0.0,,,17-02-2025 10:04:26,17-02-2025 10:04:31,5.683s,PASSED
"verifyElementText(findTestObject(""Object Repository/Specific Cases Repository/LS/Home/Census/Bed_Board/Page_Bed Board/span_C Automation, C Client 1674""), ""C Automation, C Client 1674"")",Chrome 132.0.0.0,,,17-02-2025 10:04:31,17-02-2025 10:04:32,0.298s,PASSED
"selectOptionByIndex(findTestObject(""Object Repository/Specific Cases Repository/LS/Home/Census/Bed_Board/Page_Bed Board/select_All Locations                       _fac816""), ""0"", STOP_ON_FAILURE)",Chrome 132.0.0.0,,,17-02-2025 10:04:32,17-02-2025 10:04:33,1.608s,PASSED
"selectOptionByIndex(findTestObject(""Object Repository/Specific Cases Repository/LS/Home/Census/Bed_Board/Page_Bed Board/select_All Gender Identities""), ""0"", STOP_ON_FAILURE)",Chrome 132.0.0.0,,,17-02-2025 10:04:33,17-02-2025 10:04:41,7.484s,PASSED
"selectOptionByIndex(findTestObject(""Object Repository/Specific Cases Repository/LS/Home/Census/Bed_Board/Page_Bed Board/select_All Locations                       _fac816""), ""1"", STOP_ON_FAILURE)",Chrome 132.0.0.0,,,17-02-2025 10:04:41,17-02-2025 10:04:47,6.473s,PASSED
"verifyElementText(findTestObject(""Object Repository/Specific Cases Repository/LS/Home/Census/Bed_Board/Page_Bed Board/span_A Automation, A Client 1672""), ""A Automation, A Client 1672"")",Chrome 132.0.0.0,,,17-02-2025 10:04:47,17-02-2025 10:04:48,0.449s,PASSED
"verifyElementNotPresent(findTestObject(""Specific Cases Repository/LS/Home/Census/Bed_Board/Page_Bed Board/span_B Automation, B Client 1673""), 0)",Chrome 132.0.0.0,,,17-02-2025 10:04:48,17-02-2025 10:05:19,30.867s,FAILED
,,,,,,,
Test Cases/Specific Cases/LS/General/Census/Bed Board/Bed_Board_Notes,Chrome 132.0.0.0,,,17-02-2025 10:05:19,17-02-2025 10:06:20,1m - 1.098s,PASSED
"callTestCase(findTestCase(""Common Cases/Login""), [:], STOP_ON_FAILURE)",Chrome 132.0.0.0,,,17-02-2025 10:05:19,17-02-2025 10:05:36,17.155s,PASSED
"click(findTestObject(""Object Repository/Specific Cases Repository/LS/Home/Census/Bed_Board/Bead_Board_Notes/Page_Home/a_Census""))",Chrome 132.0.0.0,,,17-02-2025 10:05:36,17-02-2025 10:05:39,3.623s,PASSED
"click(findTestObject(""Object Repository/Specific Cases Repository/LS/Home/Census/Bed_Board/Bead_Board_Notes/Page_Home/a_bed                     Bed Board""))",Chrome 132.0.0.0,,,17-02-2025 10:05:39,17-02-2025 10:05:46,6.414s,PASSED
"navigateToUrl(""https://site17.lsapp.cloud/dbkeymetrics/bedboard"")",Chrome 132.0.0.0,,,17-02-2025 10:05:46,17-02-2025 10:05:52,5.996s,PASSED
"click(findTestObject(""Object Repository/Specific Cases Repository/LS/Home/Census/Bed_Board/Bead_Board_Notes/Page_Bed Board/a_Bed Management""))",Chrome 132.0.0.0,,,17-02-2025 10:05:52,17-02-2025 10:05:56,3.847s,PASSED
"click(findTestObject(""Object Repository/Specific Cases Repository/LS/Home/Census/Bed_Board/Bead_Board_Notes/Page_Bed Management Dashboard/i_Room  1  (Male)_roomnote1""))",Chrome 132.0.0.0,,,17-02-2025 10:05:56,17-02-2025 10:06:00,4.589s,PASSED
"setText(findTestObject(""Object Repository/Specific Cases Repository/LS/Home/Census/Bed_Board/Bead_Board_Notes/Page_Bed Management Dashboard/textarea_Room Note_mdl_roombednote_note""), ""Room Test Note Automation"")",Chrome 132.0.0.0,,,17-02-2025 10:06:00,17-02-2025 10:06:02,1.465s,PASSED
"click(findTestObject(""Specific Cases Repository/LS/Home/Census/Bed_Board/Bead_Board_Notes/Page_Bed Management Dashboard/div_Bed Note                               _7b91a6""))",Chrome 132.0.0.0,,,17-02-2025 10:06:02,17-02-2025 10:06:02,0.563s,PASSED
"click(findTestObject(""Object Repository/Specific Cases Repository/LS/Home/Census/Bed_Board/Bead_Board_Notes/Page_Bed Management Dashboard/i_Room  1  (Male)_bednote1""))",Chrome 132.0.0.0,,,17-02-2025 10:06:02,17-02-2025 10:06:03,1.016s,PASSED
"setText(findTestObject(""Object Repository/Specific Cases Repository/LS/Home/Census/Bed_Board/Bead_Board_Notes/Page_Bed Management Dashboard/textarea_Room Note_mdl_roombednote_note""), ""Bed Note Test Automation"")",Chrome 132.0.0.0,,,17-02-2025 10:06:03,17-02-2025 10:06:05,1.468s,PASSED
"click(findTestObject(""Specific Cases Repository/LS/Home/Census/Bed_Board/Bead_Board_Notes/Page_Bed Management Dashboard/div_Bed Note                               _7b91a6""))",Chrome 132.0.0.0,,,17-02-2025 10:06:05,17-02-2025 10:06:05,0.390s,PASSED
"click(findTestObject(""Object Repository/Specific Cases Repository/LS/Home/Census/Bed_Board/Bead_Board_Notes/Page_Bed Management Dashboard/a_Home""))",Chrome 132.0.0.0,,,17-02-2025 10:06:05,17-02-2025 10:06:12,6.396s,PASSED
"click(findTestObject(""Object Repository/Specific Cases Repository/LS/Home/Census/Bed_Board/Bead_Board_Notes/Page_Home/a_bed                     Bed Board""))",Chrome 132.0.0.0,,,17-02-2025 10:06:12,17-02-2025 10:06:17,5.074s,PASSED
"verifyElementPresent(findTestObject(""Object Repository/Specific Cases Repository/LS/Home/Census/Bed_Board/Bead_Board_Notes/Page_Bed Board/i_Mens Residential_fa fa-info-circle text-info""), 0)",Chrome 132.0.0.0,,,17-02-2025 10:06:17,17-02-2025 10:06:17,0.493s,PASSED
"click(findTestObject(""Object Repository/Specific Cases Repository/LS/Home/Census/Bed_Board/Bead_Board_Notes/Page_Bed Board/i_Mens Residential_fa fa-info-circle text-info""))",Chrome 132.0.0.0,,,17-02-2025 10:06:17,17-02-2025 10:06:18,0.903s,PASSED
"verifyElementText(findTestObject(""Object Repository/Specific Cases Repository/LS/Home/Census/Bed_Board/Bead_Board_Notes/Page_Bed Board/b_Bed note""), ""Bed note:"")",Chrome 132.0.0.0,,,17-02-2025 10:06:18,17-02-2025 10:06:18,0.316s,PASSED
"verifyElementText(findTestObject(""Object Repository/Specific Cases Repository/LS/Home/Census/Bed_Board/Bead_Board_Notes/Page_Bed Board/b_Room note""), ""Room note:"")",Chrome 132.0.0.0,,,17-02-2025 10:06:18,17-02-2025 10:06:19,0.456s,PASSED
closeBrowser(),Chrome 132.0.0.0,,,17-02-2025 10:06:19,17-02-2025 10:06:20,0.812s,PASSED
,,,,,,,
Test Cases/Specific Cases/LS/General/Census/Bed Board/Bed_Board_forward_back_fucntions,Chrome 132.0.0.0,,,17-02-2025 10:06:20,17-02-2025 10:07:03,43.063s,PASSED
"callTestCase(findTestCase(""Common Cases/Login""), [:], STOP_ON_FAILURE)",Chrome 132.0.0.0,,,17-02-2025 10:06:20,17-02-2025 10:06:37,17.176s,PASSED
"click(findTestObject(""Object Repository/Specific Cases Repository/LS/Home/Census/Bed_Board/Bed_Board_Forward_Back_Functions/Page_Home/a_Census""))",Chrome 132.0.0.0,,,17-02-2025 10:06:37,17-02-2025 10:06:42,4.644s,PASSED
"click(findTestObject(""Object Repository/Specific Cases Repository/LS/Home/Census/Bed_Board/Bed_Board_Forward_Back_Functions/Page_Home/a_bed                     Bed Board""))",Chrome 132.0.0.0,,,17-02-2025 10:06:42,17-02-2025 10:06:49,6.843s,PASSED
"click(findTestObject(""Object Repository/Specific Cases Repository/LS/Home/Census/Bed_Board/Bed_Board_Forward_Back_Functions/Page_Bed Board/a_edit""))",Chrome 132.0.0.0,,,17-02-2025 10:06:49,17-02-2025 10:06:49,0.618s,PASSED
"switchToWindowTitle(""Bed Board"")",Chrome 132.0.0.0,,,17-02-2025 10:06:49,17-02-2025 10:06:49,0.066s,PASSED
"click(findTestObject(""Object Repository/Specific Cases Repository/LS/Home/Census/Bed_Board/Bed_Board_Forward_Back_Functions/Page_Bed Board/a_Bed Management""))",Chrome 132.0.0.0,,,17-02-2025 10:06:49,17-02-2025 10:06:54,4.499s,PASSED
"verifyElementPresent(findTestObject(""Object Repository/Specific Cases Repository/LS/Home/Census/Bed_Board/Bed_Board_Forward_Back_Functions/Page_Bed Management Dashboard/a_B Client B Automation""), 0)",Chrome 132.0.0.0,,,17-02-2025 10:06:54,17-02-2025 10:06:58,3.854s,PASSED
"verifyElementPresent(findTestObject(""Object Repository/Specific Cases Repository/LS/Home/Census/Bed_Board/Bed_Board_Forward_Back_Functions/Page_Bed Management Dashboard/a_C Client C Automation""), 0)",Chrome 132.0.0.0,,,17-02-2025 10:06:58,17-02-2025 10:06:58,0.294s,PASSED
"verifyElementPresent(findTestObject(""Object Repository/Specific Cases Repository/LS/Home/Census/Bed_Board/Bed_Board_Forward_Back_Functions/Page_Bed Management Dashboard/a_A Client A Automation""), 0)",Chrome 132.0.0.0,,,17-02-2025 10:06:58,17-02-2025 10:06:58,0.279s,PASSED
"click(findTestObject(""Object Repository/Specific Cases Repository/LS/Home/Census/Bed_Board/Bed_Board_Forward_Back_Functions/Page_Bed Management Dashboard/span_homepage""))",Chrome 132.0.0.0,,,17-02-2025 10:06:58,17-02-2025 10:07:02,4.170s,PASSED
closeBrowser(),Chrome 132.0.0.0,,,17-02-2025 10:07:02,17-02-2025 10:07:03,0.259s,PASSED
,,,,,,,
Test Cases/Specific Cases/LS/General/Census/Advance Census/Advance_Census_ Filter,Chrome 132.0.0.0,,,17-02-2025 10:07:03,17-02-2025 10:08:14,1m - 11.050s,FAILED
"callTestCase(findTestCase(""Common Cases/Login""), [:], STOP_ON_FAILURE)",Chrome 132.0.0.0,,,17-02-2025 10:07:03,17-02-2025 10:07:21,18.036s,PASSED
"click(findTestObject(""Object Repository/Specific Cases Repository/LS/Home/Census/Advance_Census/Filter/Page_Home/a_Census""))",Chrome 132.0.0.0,,,17-02-2025 10:07:21,17-02-2025 10:07:22,0.824s,PASSED
"click(findTestObject(""Object Repository/Specific Cases Repository/LS/Home/Census/Advance_Census/Filter/Page_Home/a_groups                                   _f7379d""))",Chrome 132.0.0.0,,,17-02-2025 10:07:22,17-02-2025 10:07:28,6.586s,PASSED
"selectOptionByValue(findTestObject(""Object Repository/Specific Cases Repository/LS/Home/Census/Advance_Census/Filter/Page_Census Advanced/select_Field                        Client _7d7547""), ""client"", true)",Chrome 132.0.0.0,,,17-02-2025 10:07:28,17-02-2025 10:07:30,1.538s,PASSED
"selectOptionByValue(findTestObject(""Object Repository/Specific Cases Repository/LS/Home/Census/Advance_Census/Filter/Page_Census Advanced/select_Type                                _34fc29""), ""like"", true)",Chrome 132.0.0.0,,,17-02-2025 10:07:30,17-02-2025 10:07:31,1.049s,PASSED
"setText(findTestObject(""Object Repository/Specific Cases Repository/LS/Home/Census/Advance_Census/Filter/Page_Census Advanced/input_Field_filter-value""), ""B"")",Chrome 132.0.0.0,,,17-02-2025 10:07:31,17-02-2025 10:07:32,0.864s,PASSED
"verifyElementText(findTestObject(""Object Repository/Specific Cases Repository/LS/Home/Census/Advance_Census/Filter/Page_Census Advanced/div_Dog Treatment Center""), ""Dog Treatment Center"")",Chrome 132.0.0.0,,,17-02-2025 10:07:32,17-02-2025 10:07:32,0.482s,PASSED
"verifyElementNotPresent(findTestObject(""Specific Cases Repository/LS/Home/Census/Advance_Census/Filter/Page_Census Advanced/div_Satellite Office""), 0)",Chrome 132.0.0.0,,,17-02-2025 10:07:32,17-02-2025 10:07:33,0.271s,PASSED
"verifyElementNotPresent(findTestObject(""Specific Cases Repository/LS/Home/Census/Advance_Census/Filter/Page_Census Advanced/div_Cat Treatment Center""), 0)",Chrome 132.0.0.0,,,17-02-2025 10:07:33,17-02-2025 10:07:33,0.261s,PASSED
"setText(findTestObject(""Object Repository/Specific Cases Repository/LS/Home/Census/Advance_Census/Filter/Page_Census Advanced/input_Field_filter-value""), """")",Chrome 132.0.0.0,,,17-02-2025 10:07:33,17-02-2025 10:07:33,0.624s,PASSED
"selectOptionByValue(findTestObject(""Object Repository/Specific Cases Repository/LS/Home/Census/Advance_Census/Filter/Page_Census Advanced/select_Field                        Client _7d7547""), ""dob"", true)",Chrome 132.0.0.0,,,17-02-2025 10:07:33,17-02-2025 10:07:35,1.151s,PASSED
"selectOptionByValue(findTestObject(""Object Repository/Specific Cases Repository/LS/Home/Census/Advance_Census/Filter/Page_Census Advanced/select_Type                                _34fc29""), ""="", true)",Chrome 132.0.0.0,,,17-02-2025 10:07:35,17-02-2025 10:07:36,0.936s,PASSED
"setText(findTestObject(""Object Repository/Specific Cases Repository/LS/Home/Census/Advance_Census/Filter/Page_Census Advanced/input_Field_filter-value""), ""01/02/2001"")",Chrome 132.0.0.0,,,17-02-2025 10:07:36,17-02-2025 10:07:36,0.782s,PASSED
"verifyElementText(findTestObject(""Object Repository/Specific Cases Repository/LS/Home/Census/Advance_Census/Filter/Page_Census Advanced/div_Dog Treatment Center""), ""Dog Treatment Center"")",Chrome 132.0.0.0,,,17-02-2025 10:07:36,17-02-2025 10:07:37,0.494s,PASSED
"verifyElementNotPresent(findTestObject(""Specific Cases Repository/LS/Home/Census/Advance_Census/Filter/Page_Census Advanced/div_Satellite Office""), 0)",Chrome 132.0.0.0,,,17-02-2025 10:07:37,17-02-2025 10:07:37,0.256s,PASSED
"verifyElementNotPresent(findTestObject(""Specific Cases Repository/LS/Home/Census/Advance_Census/Filter/Page_Census Advanced/div_Cat Treatment Center""), 0)",Chrome 132.0.0.0,,,17-02-2025 10:07:37,17-02-2025 10:07:37,0.281s,PASSED
"selectOptionByValue(findTestObject(""Object Repository/Specific Cases Repository/LS/Home/Census/Advance_Census/Filter/Page_Census Advanced/select_Type                                _34fc29""), ""<"", true)",Chrome 132.0.0.0,,,17-02-2025 10:07:37,17-02-2025 10:07:38,0.967s,PASSED
"verifyElementText(findTestObject(""Object Repository/Specific Cases Repository/LS/Home/Census/Advance_Census/Filter/Page_Census Advanced/div_Cat Treatment Center""), ""Cat Treatment Center"")",Chrome 132.0.0.0,,,17-02-2025 10:07:38,17-02-2025 10:07:39,0.496s,PASSED
"verifyElementNotPresent(findTestObject(""Specific Cases Repository/LS/Home/Census/Advance_Census/Filter/Page_Census Advanced/div_Satellite Office""), 0)",Chrome 132.0.0.0,,,17-02-2025 10:07:39,17-02-2025 10:07:39,0.252s,PASSED
"verifyElementNotPresent(findTestObject(""Specific Cases Repository/LS/Home/Census/Advance_Census/Filter/Page_Census Advanced/div_Dog Treatment Center""), 0)",Chrome 132.0.0.0,,,17-02-2025 10:07:39,17-02-2025 10:07:39,0.269s,PASSED
"selectOptionByValue(findTestObject(""Object Repository/Specific Cases Repository/LS/Home/Census/Advance_Census/Filter/Page_Census Advanced/select_Type                                _34fc29""), ""<="", true)",Chrome 132.0.0.0,,,17-02-2025 10:07:39,17-02-2025 10:07:40,0.936s,PASSED
"verifyElementText(findTestObject(""Object Repository/Specific Cases Repository/LS/Home/Census/Advance_Census/Filter/Page_Census Advanced/div_Cat Treatment Center""), ""Cat Treatment Center"")",Chrome 132.0.0.0,,,17-02-2025 10:07:40,17-02-2025 10:07:41,0.465s,PASSED
"verifyElementText(findTestObject(""Object Repository/Specific Cases Repository/LS/Home/Census/Advance_Census/Filter/Page_Census Advanced/div_Dog Treatment Center""), ""Dog Treatment Center"")",Chrome 132.0.0.0,,,17-02-2025 10:07:41,17-02-2025 10:07:41,0.253s,PASSED
"verifyElementNotPresent(findTestObject(""Specific Cases Repository/LS/Home/Census/Advance_Census/Filter/Page_Census Advanced/div_Satellite Office""), 0)",Chrome 132.0.0.0,,,17-02-2025 10:07:41,17-02-2025 10:07:41,0.244s,PASSED
"selectOptionByValue(findTestObject(""Object Repository/Specific Cases Repository/LS/Home/Census/Advance_Census/Filter/Page_Census Advanced/select_Type                                _34fc29""), "">"", true)",Chrome 132.0.0.0,,,17-02-2025 10:07:41,17-02-2025 10:07:42,0.997s,PASSED
"verifyElementText(findTestObject(""Object Repository/Specific Cases Repository/LS/Home/Census/Advance_Census/Filter/Page_Census Advanced/div_Satellite Office""), ""Satellite Office"")",Chrome 132.0.0.0,,,17-02-2025 10:07:42,17-02-2025 10:07:43,0.385s,PASSED
"verifyElementNotPresent(findTestObject(""Specific Cases Repository/LS/Home/Census/Advance_Census/Filter/Page_Census Advanced/div_Dog Treatment Center""), 0)",Chrome 132.0.0.0,,,17-02-2025 10:07:43,17-02-2025 10:08:14,31.202s,FAILED
,,,,,,,
Test Cases/Specific Cases/LS/General/Census/Client Face Sheets/Client_Face_Sheets_Filters,Chrome 132.0.0.0,,,17-02-2025 10:08:14,17-02-2025 10:09:11,57.680s,PASSED
"callTestCase(findTestCase(""Common Cases/Login""), [:], STOP_ON_FAILURE)",Chrome 132.0.0.0,,,17-02-2025 10:08:14,17-02-2025 10:08:30,15.880s,PASSED
"click(findTestObject(""Object Repository/Specific Cases Repository/LS/Home/Census/Clients Face Sheets/CLients Face Sheets Filters/Page_Home/div_groups                                 _eea1bb""))",Chrome 132.0.0.0,,,17-02-2025 10:08:30,17-02-2025 10:08:33,3.687s,PASSED
"click(findTestObject(""Object Repository/Specific Cases Repository/LS/Home/Census/Clients Face Sheets/CLients Face Sheets Filters/Page_Home/a_co_present                 Client Face sheets""))",Chrome 132.0.0.0,,,17-02-2025 10:08:33,17-02-2025 10:08:39,5.681s,PASSED
"navigateToUrl(""https://site17.lsapp.cloud/report/clientfacesheets"")",Chrome 132.0.0.0,,,17-02-2025 10:08:39,17-02-2025 10:08:44,4.492s,PASSED
"click(findTestObject(""Object Repository/Specific Cases Repository/LS/Home/Census/Clients Face Sheets/CLients Face Sheets Filters/Page_Client Face Sheets/button_Show Data""))",Chrome 132.0.0.0,,,17-02-2025 10:08:44,17-02-2025 10:08:44,0.677s,PASSED
"verifyElementText(findTestObject(""Object Repository/Specific Cases Repository/LS/Home/Census/Clients Face Sheets/CLients Face Sheets Filters/Page_Client Face Sheets/td_24-11006""), ""24-11006"")",Chrome 132.0.0.0,,,17-02-2025 10:08:44,17-02-2025 10:08:46,1.738s,PASSED
"verifyElementText(findTestObject(""Object Repository/Specific Cases Repository/LS/Home/Census/Clients Face Sheets/CLients Face Sheets Filters/Page_Client Face Sheets/td_24-11007""), ""24-11007"")",Chrome 132.0.0.0,,,17-02-2025 10:08:46,17-02-2025 10:08:46,0.282s,PASSED
"verifyElementText(findTestObject(""Object Repository/Specific Cases Repository/LS/Home/Census/Clients Face Sheets/CLients Face Sheets Filters/Page_Client Face Sheets/td_24-11008""), ""24-11008"")",Chrome 132.0.0.0,,,17-02-2025 10:08:46,17-02-2025 10:08:47,0.292s,PASSED
"selectOptionByValue(findTestObject(""Object Repository/Specific Cases Repository/LS/Home/Census/Clients Face Sheets/CLients Face Sheets Filters/Page_Client Face Sheets/select_All Locations                       _863db7""), ""22"", true)",Chrome 132.0.0.0,,,17-02-2025 10:08:47,17-02-2025 10:08:48,0.910s,PASSED
"click(findTestObject(""Object Repository/Specific Cases Repository/LS/Home/Census/Clients Face Sheets/CLients Face Sheets Filters/Page_Client Face Sheets/button_Show Data""))",Chrome 132.0.0.0,,,17-02-2025 10:08:48,17-02-2025 10:08:48,0.306s,PASSED
"verifyElementText(findTestObject(""Object Repository/Specific Cases Repository/LS/Home/Census/Clients Face Sheets/CLients Face Sheets Filters/Page_Client Face Sheets/td_24-11006""), ""24-11006"")",Chrome 132.0.0.0,,,17-02-2025 10:08:48,17-02-2025 10:08:49,1.301s,PASSED
"verifyElementNotPresent(findTestObject(""Specific Cases Repository/LS/Home/Census/Clients Face Sheets/CLients Face Sheets Filters/Page_Client Face Sheets/td_24-11007""), 0)",Chrome 132.0.0.0,,,17-02-2025 10:08:49,17-02-2025 10:08:49,0.255s,PASSED
"verifyElementNotPresent(findTestObject(""Specific Cases Repository/LS/Home/Census/Clients Face Sheets/CLients Face Sheets Filters/Page_Client Face Sheets/td_24-11008""), 0)",Chrome 132.0.0.0,,,17-02-2025 10:08:49,17-02-2025 10:08:50,0.268s,PASSED
"selectOptionByValue(findTestObject(""Object Repository/Specific Cases Repository/LS/Home/Census/Clients Face Sheets/CLients Face Sheets Filters/Page_Client Face Sheets/select_All Locations                       _863db7""), ""17"", true)",Chrome 132.0.0.0,,,17-02-2025 10:08:50,17-02-2025 10:08:51,0.959s,PASSED
"click(findTestObject(""Object Repository/Specific Cases Repository/LS/Home/Census/Clients Face Sheets/CLients Face Sheets Filters/Page_Client Face Sheets/button_Show Data""))",Chrome 132.0.0.0,,,17-02-2025 10:08:51,17-02-2025 10:08:51,0.344s,PASSED
"verifyElementText(findTestObject(""Object Repository/Specific Cases Repository/LS/Home/Census/Clients Face Sheets/CLients Face Sheets Filters/Page_Client Face Sheets/td_24-11007""), ""24-11007"")",Chrome 132.0.0.0,,,17-02-2025 10:08:51,17-02-2025 10:08:52,1.351s,PASSED
"verifyElementNotPresent(findTestObject(""Specific Cases Repository/LS/Home/Census/Clients Face Sheets/CLients Face Sheets Filters/Page_Client Face Sheets/td_24-11006""), 0)",Chrome 132.0.0.0,,,17-02-2025 10:08:52,17-02-2025 10:08:53,0.288s,PASSED
"verifyElementNotPresent(findTestObject(""Specific Cases Repository/LS/Home/Census/Clients Face Sheets/CLients Face Sheets Filters/Page_Client Face Sheets/td_24-11008""), 0)",Chrome 132.0.0.0,,,17-02-2025 10:08:53,17-02-2025 10:08:53,0.271s,PASSED
"selectOptionByValue(findTestObject(""Object Repository/Specific Cases Repository/LS/Home/Census/Clients Face Sheets/CLients Face Sheets Filters/Page_Client Face Sheets/select_All Locations                       _863db7""), ""18"", true)",Chrome 132.0.0.0,,,17-02-2025 10:08:53,17-02-2025 10:08:54,0.943s,PASSED
"click(findTestObject(""Object Repository/Specific Cases Repository/LS/Home/Census/Clients Face Sheets/CLients Face Sheets Filters/Page_Client Face Sheets/button_Show Data""))",Chrome 132.0.0.0,,,17-02-2025 10:08:54,17-02-2025 10:08:54,0.397s,PASSED
"verifyElementText(findTestObject(""Object Repository/Specific Cases Repository/LS/Home/Census/Clients Face Sheets/CLients Face Sheets Filters/Page_Client Face Sheets/td_24-11008""), ""24-11008"")",Chrome 132.0.0.0,,,17-02-2025 10:08:54,17-02-2025 10:08:55,1.200s,PASSED
"verifyElementNotPresent(findTestObject(""Specific Cases Repository/LS/Home/Census/Clients Face Sheets/CLients Face Sheets Filters/Page_Client Face Sheets/td_24-11007""), 0)",Chrome 132.0.0.0,,,17-02-2025 10:08:55,17-02-2025 10:08:56,0.249s,PASSED
"verifyElementNotPresent(findTestObject(""Specific Cases Repository/LS/Home/Census/Clients Face Sheets/CLients Face Sheets Filters/Page_Client Face Sheets/td_24-11006""), 0)",Chrome 132.0.0.0,,,17-02-2025 10:08:56,17-02-2025 10:08:56,0.269s,PASSED
"selectOptionByValue(findTestObject(""Object Repository/Specific Cases Repository/LS/Home/Census/Clients Face Sheets/CLients Face Sheets Filters/Page_Client Face Sheets/select_All Locations                       _863db7""), ""0"", true)",Chrome 132.0.0.0,,,17-02-2025 10:08:56,17-02-2025 10:08:57,1.246s,PASSED
"selectOptionByValue(findTestObject(""Object Repository/Specific Cases Repository/LS/Home/Census/Clients Face Sheets/CLients Face Sheets Filters/Page_Client Face Sheets/select_All Programs                        _aea83e""), ""3"", true)",Chrome 132.0.0.0,,,17-02-2025 10:08:57,17-02-2025 10:08:58,1.135s,PASSED
"click(findTestObject(""Object Repository/Specific Cases Repository/LS/Home/Census/Clients Face Sheets/CLients Face Sheets Filters/Page_Client Face Sheets/button_Show Data""))",Chrome 132.0.0.0,,,17-02-2025 10:08:58,17-02-2025 10:08:59,0.364s,PASSED
"verifyElementText(findTestObject(""Object Repository/Specific Cases Repository/LS/Home/Census/Clients Face Sheets/CLients Face Sheets Filters/Page_Client Face Sheets/td_24-11006""), ""24-11006"")",Chrome 132.0.0.0,,,17-02-2025 10:08:59,17-02-2025 10:09:00,1.503s,PASSED
"verifyElementText(findTestObject(""Object Repository/Specific Cases Repository/LS/Home/Census/Clients Face Sheets/CLients Face Sheets Filters/Page_Client Face Sheets/td_24-11007""), ""24-11007"")",Chrome 132.0.0.0,,,17-02-2025 10:09:00,17-02-2025 10:09:00,0.275s,PASSED
"verifyElementNotPresent(findTestObject(""Specific Cases Repository/LS/Home/Census/Clients Face Sheets/CLients Face Sheets Filters/Page_Client Face Sheets/td_24-11008""), 0)",Chrome 132.0.0.0,,,17-02-2025 10:09:00,17-02-2025 10:09:01,0.255s,PASSED
"selectOptionByValue(findTestObject(""Object Repository/Specific Cases Repository/LS/Home/Census/Clients Face Sheets/CLients Face Sheets Filters/Page_Client Face Sheets/select_All Programs                        _aea83e""), ""13"", true)",Chrome 132.0.0.0,,,17-02-2025 10:09:01,17-02-2025 10:09:02,0.927s,PASSED
"click(findTestObject(""Object Repository/Specific Cases Repository/LS/Home/Census/Clients Face Sheets/CLients Face Sheets Filters/Page_Client Face Sheets/button_Show Data""))",Chrome 132.0.0.0,,,17-02-2025 10:09:02,17-02-2025 10:09:02,0.341s,PASSED
"verifyElementText(findTestObject(""Object Repository/Specific Cases Repository/LS/Home/Census/Clients Face Sheets/CLients Face Sheets Filters/Page_Client Face Sheets/td_24-11008""), ""24-11008"")",Chrome 132.0.0.0,,,17-02-2025 10:09:02,17-02-2025 10:09:03,1.258s,PASSED
"verifyElementNotPresent(findTestObject(""Specific Cases Repository/LS/Home/Census/Clients Face Sheets/CLients Face Sheets Filters/Page_Client Face Sheets/td_24-11007""), 0)",Chrome 132.0.0.0,,,17-02-2025 10:09:03,17-02-2025 10:09:04,0.258s,PASSED
"verifyElementNotPresent(findTestObject(""Specific Cases Repository/LS/Home/Census/Clients Face Sheets/CLients Face Sheets Filters/Page_Client Face Sheets/td_24-11006""), 0)",Chrome 132.0.0.0,,,17-02-2025 10:09:04,17-02-2025 10:09:04,0.243s,PASSED
"selectOptionByValue(findTestObject(""Object Repository/Specific Cases Repository/LS/Home/Census/Clients Face Sheets/CLients Face Sheets Filters/Page_Client Face Sheets/select_All Programs                        _aea83e""), ""0"", true)",Chrome 132.0.0.0,,,17-02-2025 10:09:04,17-02-2025 10:09:05,0.956s,PASSED
"selectOptionByValue(findTestObject(""Object Repository/Specific Cases Repository/LS/Home/Census/Clients Face Sheets/CLients Face Sheets Filters/Page_Client Face Sheets/select_All Units                           _3d629c""), ""1"", true)",Chrome 132.0.0.0,,,17-02-2025 10:09:05,17-02-2025 10:09:06,1.427s,PASSED
"click(findTestObject(""Object Repository/Specific Cases Repository/LS/Home/Census/Clients Face Sheets/CLients Face Sheets Filters/Page_Client Face Sheets/button_Show Data""))",Chrome 132.0.0.0,,,17-02-2025 10:09:06,17-02-2025 10:09:07,0.401s,PASSED
"verifyElementText(findTestObject(""Object Repository/Specific Cases Repository/LS/Home/Census/Clients Face Sheets/CLients Face Sheets Filters/Page_Client Face Sheets/td_24-11006""), ""24-11006"")",Chrome 132.0.0.0,,,17-02-2025 10:09:07,17-02-2025 10:09:08,1.218s,PASSED
"verifyElementText(findTestObject(""Object Repository/Specific Cases Repository/LS/Home/Census/Clients Face Sheets/CLients Face Sheets Filters/Page_Client Face Sheets/td_24-11007""), ""24-11007"")",Chrome 132.0.0.0,,,17-02-2025 10:09:08,17-02-2025 10:09:08,0.267s,PASSED
"verifyElementNotPresent(findTestObject(""Specific Cases Repository/LS/Home/Census/Clients Face Sheets/CLients Face Sheets Filters/Page_Client Face Sheets/td_24-11008""), 0)",Chrome 132.0.0.0,,,17-02-2025 10:09:08,17-02-2025 10:09:08,0.269s,PASSED
"selectOptionByValue(findTestObject(""Object Repository/Specific Cases Repository/LS/Home/Census/Clients Face Sheets/CLients Face Sheets Filters/Page_Client Face Sheets/select_All Units                           _3d629c""), ""2"", true)",Chrome 132.0.0.0,,,17-02-2025 10:09:08,17-02-2025 10:09:09,0.906s,PASSED
"click(findTestObject(""Object Repository/Specific Cases Repository/LS/Home/Census/Clients Face Sheets/CLients Face Sheets Filters/Page_Client Face Sheets/button_Show Data""))",Chrome 132.0.0.0,,,17-02-2025 10:09:09,17-02-2025 10:09:10,0.316s,PASSED
"verifyElementText(findTestObject(""Object Repository/Specific Cases Repository/LS/Home/Census/Clients Face Sheets/CLients Face Sheets Filters/Page_Client Face Sheets/td_24-11008""), ""24-11008"")",Chrome 132.0.0.0,,,17-02-2025 10:09:10,17-02-2025 10:09:11,1.223s,PASSED
"verifyElementNotPresent(findTestObject(""Specific Cases Repository/LS/Home/Census/Clients Face Sheets/CLients Face Sheets Filters/Page_Client Face Sheets/td_24-11007""), 0)",Chrome 132.0.0.0,,,17-02-2025 10:09:11,17-02-2025 10:09:11,0.259s,PASSED
"verifyElementNotPresent(findTestObject(""Specific Cases Repository/LS/Home/Census/Clients Face Sheets/CLients Face Sheets Filters/Page_Client Face Sheets/td_24-11006""), 0)",Chrome 132.0.0.0,,,17-02-2025 10:09:11,17-02-2025 10:09:11,0.253s,PASSED
closeBrowser(),Chrome 132.0.0.0,,,17-02-2025 10:09:11,17-02-2025 10:09:11,0.205s,PASSED
,,,,,,,
Test Cases/Specific Cases/LS/General/Census/Client Face Sheets/Client_Face_Sheets_Search,Chrome 132.0.0.0,,,17-02-2025 10:09:11,17-02-2025 10:10:16,1m - 4.562s,FAILED
"callTestCase(findTestCase(""Common Cases/Login""), [:], STOP_ON_FAILURE)",Chrome 132.0.0.0,,,17-02-2025 10:09:12,17-02-2025 10:09:24,12.860s,PASSED
"click(findTestObject(""Object Repository/Specific Cases Repository/LS/Home/Census/Clients Face Sheets/Clients Face Sheet Search/Page_Home/a_Census""))",Chrome 132.0.0.0,,,17-02-2025 10:09:24,17-02-2025 10:09:28,3.421s,PASSED
"click(findTestObject(""Object Repository/Specific Cases Repository/LS/Home/Census/Clients Face Sheets/Clients Face Sheet Search/Page_Home/span_Client Face sheets""))",Chrome 132.0.0.0,,,17-02-2025 10:09:28,17-02-2025 10:09:34,5.965s,PASSED
"navigateToUrl(""https://site17.lsapp.cloud/report/clientfacesheets"")",Chrome 132.0.0.0,,,17-02-2025 10:09:34,17-02-2025 10:09:36,2.105s,PASSED
"click(findTestObject(""Object Repository/Specific Cases Repository/LS/Home/Census/Clients Face Sheets/Clients Face Sheet Search/Page_Client Face Sheets/button_Show Data""))",Chrome 132.0.0.0,,,17-02-2025 10:09:36,17-02-2025 10:09:37,0.595s,PASSED
"click(findTestObject(""Specific Cases Repository/LS/Home/Census/Clients Face Sheets/Clients Face Sheet Search/Page_Client Face Sheets/Patient""))",Chrome 132.0.0.0,,,17-02-2025 10:09:37,17-02-2025 10:09:38,1.465s,PASSED
"click(findTestObject(""Specific Cases Repository/LS/Home/Census/Clients Face Sheets/Clients Face Sheet Search/Page_Client Face Sheets/li_A Automation, A Client""))",Chrome 132.0.0.0,,,17-02-2025 10:09:38,17-02-2025 10:09:38,0.092s,PASSED
"verifyElementText(findTestObject(""Object Repository/Specific Cases Repository/LS/Home/Census/Clients Face Sheets/Clients Face Sheet Search/Page_Client Face Sheets/td_24-11006""), ""24-11006"")",Chrome 132.0.0.0,,,17-02-2025 10:09:38,17-02-2025 10:09:39,0.512s,PASSED
"verifyElementNotPresent(findTestObject(""Specific Cases Repository/LS/Home/Census/Clients Face Sheets/Clients Face Sheet Search/Page_Client Face Sheets/td_24-11007""), 0)",Chrome 132.0.0.0,,,17-02-2025 10:09:39,17-02-2025 10:09:39,0.283s,PASSED
"verifyElementNotPresent(findTestObject(""Specific Cases Repository/LS/Home/Census/Clients Face Sheets/Clients Face Sheet Search/Page_Client Face Sheets/td_24-11008""), 0)",Chrome 132.0.0.0,,,17-02-2025 10:09:39,17-02-2025 10:09:39,0.246s,PASSED
"click(findTestObject(""Object Repository/Specific Cases Repository/LS/Home/Census/Clients Face Sheets/Clients Face Sheet Search/Page_Client Face Sheets/ul_A Automation, A Client""))",Chrome 132.0.0.0,,,17-02-2025 10:09:39,17-02-2025 10:09:40,0.366s,PASSED
"click(findTestObject(""Specific Cases Repository/LS/Home/Census/Clients Face Sheets/Clients Face Sheet Search/Page_Client Face Sheets/Patient""))",Chrome 132.0.0.0,,,17-02-2025 10:09:40,17-02-2025 10:09:40,0.341s,PASSED
"click(findTestObject(""Object Repository/Specific Cases Repository/LS/Home/Census/Clients Face Sheets/Clients Face Sheet Search/Page_Client Face Sheets/li_B Automation, B Client""))",Chrome 132.0.0.0,,,17-02-2025 10:09:40,17-02-2025 10:09:40,0.092s,PASSED
"verifyElementText(findTestObject(""Object Repository/Specific Cases Repository/LS/Home/Census/Clients Face Sheets/Clients Face Sheet Search/Page_Client Face Sheets/td_24-11006""), ""24-11006"")",Chrome 132.0.0.0,,,17-02-2025 10:09:40,17-02-2025 10:09:40,0.490s,PASSED
"verifyElementText(findTestObject(""Object Repository/Specific Cases Repository/LS/Home/Census/Clients Face Sheets/Clients Face Sheet Search/Page_Client Face Sheets/td_24-11007""), ""24-11007"")",Chrome 132.0.0.0,,,17-02-2025 10:09:40,17-02-2025 10:09:41,0.273s,PASSED
"verifyElementNotPresent(findTestObject(""Specific Cases Repository/LS/Home/Census/Clients Face Sheets/Clients Face Sheet Search/Page_Client Face Sheets/td_24-11008""), 0)",Chrome 132.0.0.0,,,17-02-2025 10:09:41,17-02-2025 10:09:41,0.247s,PASSED
"click(findTestObject(""Object Repository/Specific Cases Repository/LS/Home/Census/Clients Face Sheets/Clients Face Sheet Search/Page_Client Face Sheets/li_C Automation, C Client""))",Chrome 132.0.0.0,,,17-02-2025 10:09:41,17-02-2025 10:09:41,0.130s,PASSED
"verifyElementText(findTestObject(""Object Repository/Specific Cases Repository/LS/Home/Census/Clients Face Sheets/Clients Face Sheet Search/Page_Client Face Sheets/td_24-11006""), ""24-11006"")",Chrome 132.0.0.0,,,17-02-2025 10:09:41,17-02-2025 10:09:42,0.487s,PASSED
"verifyElementText(findTestObject(""Object Repository/Specific Cases Repository/LS/Home/Census/Clients Face Sheets/Clients Face Sheet Search/Page_Client Face Sheets/td_24-11007""), ""24-11007"")",Chrome 132.0.0.0,,,17-02-2025 10:09:42,17-02-2025 10:09:42,0.273s,PASSED
"verifyElementText(findTestObject(""Object Repository/Specific Cases Repository/LS/Home/Census/Clients Face Sheets/Clients Face Sheet Search/Page_Client Face Sheets/td_24-11008""), ""24-11008"")",Chrome 132.0.0.0,,,17-02-2025 10:09:42,17-02-2025 10:09:42,0.269s,PASSED
"click(findTestObject(""Specific Cases Repository/LS/Home/Census/Clients Face Sheets/Clients Face Sheet Search/Page_Client Face Sheets/span_ A""))",Chrome 132.0.0.0,,,17-02-2025 10:09:42,17-02-2025 10:09:42,0.337s,PASSED
"click(findTestObject(""Specific Cases Repository/LS/Home/Census/Clients Face Sheets/Clients Face Sheet Search/Page_Client Face Sheets/span_B""))",Chrome 132.0.0.0,,,17-02-2025 10:09:42,17-02-2025 10:09:43,0.554s,PASSED
"click(findTestObject(""Specific Cases Repository/LS/Home/Census/Clients Face Sheets/Clients Face Sheet Search/Page_Client Face Sheets/span_C""))",Chrome 132.0.0.0,,,17-02-2025 10:09:43,17-02-2025 10:09:44,0.593s,PASSED
"click(findTestObject(""Specific Cases Repository/LS/Home/Census/Clients Face Sheets/Clients Face Sheet Search/Page_Client Face Sheets/Unit""))",Chrome 132.0.0.0,,,17-02-2025 10:09:44,17-02-2025 10:09:44,0.569s,PASSED
"click(findTestObject(""Object Repository/Specific Cases Repository/LS/Home/Census/Clients Face Sheets/Clients Face Sheet Search/Page_Client Face Sheets/li_Mens Residential""))",Chrome 132.0.0.0,,,17-02-2025 10:09:44,17-02-2025 10:09:44,0.098s,PASSED
"verifyElementText(findTestObject(""Object Repository/Specific Cases Repository/LS/Home/Census/Clients Face Sheets/Clients Face Sheet Search/Page_Client Face Sheets/td_24-11006""), ""24-11006"")",Chrome 132.0.0.0,,,17-02-2025 10:09:44,17-02-2025 10:09:45,0.481s,PASSED
"verifyElementText(findTestObject(""Object Repository/Specific Cases Repository/LS/Home/Census/Clients Face Sheets/Clients Face Sheet Search/Page_Client Face Sheets/td_24-11007""), ""24-11007"")",Chrome 132.0.0.0,,,17-02-2025 10:09:45,17-02-2025 10:09:45,0.273s,PASSED
"verifyElementNotPresent(findTestObject(""Specific Cases Repository/LS/Home/Census/Clients Face Sheets/Clients Face Sheet Search/Page_Client Face Sheets/td_24-11008""), 0)",Chrome 132.0.0.0,,,17-02-2025 10:09:45,17-02-2025 10:10:16,31.038s,FAILED
